Symbol  ,Series  ,Date  ,Prev Close  ,Open Price  ,High Price  ,Low Price  ,Last Price  ,Close Price  ,Average Price ,Total Traded Quantity  ,Turnover â‚¹  ,No. of Trades  ,Deliverable Qty  ,% Dly Qt to Traded Qty  ,Vol Per Trade,Delv Per Trade
MOKSH,SM,01-Apr-2021,49.75,50,50,49,49,49,49.43,36000,"17,79,450.00",11,12000,33.33,3273,1091
MOKSH,SM,05-Apr-2021,49,47.05,47.05,45,45,45,46.03,6000,"2,76,150.00",2,3000,50,3000,1500
MOKSH,SM,06-Apr-2021,45,45,46.1,45,46.1,46.1,45.55,6000,"2,73,300.00",2,6000,100,3000,3000
MOKSH,SM,08-Apr-2021,46.1,45,45,45,45,45,45,3000,"1,35,000.00",1,3000,100,3000,3000
MOKSH,SM,09-Apr-2021,45,47,50,38,45,45,46.26,60000,"27,75,750.00",18,27000,45,3333,1500
MOKSH,SM,12-Apr-2021,45,45,45,40.05,45,45,43.02,18000,"7,74,300.00",6,12000,66.67,3000,2000
MOKSH,SM,13-Apr-2021,45,45,47,45,47,47,46.9,"1,26,000","59,09,850.00",19,"1,17,000",92.86,6632,6158
MOKSH,SM,15-Apr-2021,47,47.05,47.1,46.95,47,47,47,42000,"19,74,150.00",10,33000,78.57,4200,3300
MOKSH,SM,16-Apr-2021,47,47.05,47.05,46.95,47,47,47,39000,"18,33,000.00",8,36000,92.31,4875,4500
MOKSH,SM,19-Apr-2021,47,47,50.6,47,50.6,50.6,49.06,21000,"10,30,350.00",7,15000,71.43,3000,2143
MOKSH,SM,20-Apr-2021,50.6,50,50,50,50,50,50,9000,"4,50,000.00",3,9000,100,3000,3000
MOKSH,SM,22-Apr-2021,50,50,50,50,50,50,50,6000,"3,00,000.00",1,6000,100,6000,6000
MOKSH,SM,23-Apr-2021,50,50,50.7,50,50.7,50.7,50.31,12000,"6,03,750.00",4,9000,75,3000,2250
MOKSH,SM,26-Apr-2021,50.7,50,50,50,50,50,50,6000,"3,00,000.00",2,6000,100,3000,3000
MOKSH,SM,27-Apr-2021,50,50.05,50.05,50,50,50,50.03,6000,"3,00,150.00",2,3000,50,3000,1500
MOKSH,SM,28-Apr-2021,50,50,50,50,50,50,50,3000,"1,50,000.00",1,3000,100,3000,3000
MOKSH,SM,29-Apr-2021,50,50,50,50,50,50,50,3000,"1,50,000.00",1,3000,100,3000,3000
MOKSH,SM,03-May-2021,50,47.5,47.5,47,47,47,47.25,6000,"2,83,500.00",2,6000,100,3000,3000
MOKSH,SM,06-May-2021,47,49,52,48,51.5,51.5,50.79,33000,"16,75,950.00",11,27000,81.82,3000,2455
MOKSH,SM,07-May-2021,51.5,53.95,54,51.55,51.65,51.65,52.59,27000,"14,20,050.00",9,18000,66.67,3000,2000
MOKSH,SM,10-May-2021,51.65,54,54.75,52.75,53.9,53.9,53.26,48000,"25,56,450.00",12,42000,87.5,4000,3500
MOKSH,SM,11-May-2021,53.9,56,57.5,55.95,57.5,57.45,56.35,36000,"20,28,750.00",11,24000,66.67,3273,2182
MOKSH,SM,12-May-2021,57.45,67.5,67.5,56.5,56.5,56.5,59.64,15000,"8,94,600.00",5,9000,60,3000,1800
MOKSH,SM,14-May-2021,56.5,57,58,56.1,56.1,56.1,57.09,21000,"11,98,800.00",4,18000,85.71,5250,4500
MOKSH,SM,17-May-2021,56.1,56.5,58,56.5,58,58,57.62,51000,"29,38,500.00",15,30000,58.82,3400,2000
MOKSH,SM,18-May-2021,58,59.7,63.5,59.7,63.3,63.05,61.69,75000,"46,26,900.00",25,33000,44,3000,1320
MOKSH,SM,19-May-2021,63.05,63.5,64.85,61.5,64,64.55,63.5,42000,"26,66,850.00",14,21000,50,3000,1500
MOKSH,SM,20-May-2021,64.55,66.9,67.9,65,65.25,67.35,67.02,"1,92,000","1,28,67,300.00",45,63000,32.81,4267,1400
MOKSH,EQ,21-May-2021,67.35,68.9,70,61,61,61.8,66.38,"7,16,944","4,75,92,559.00",1893,35376,4.93,379,19
MOKSH,EQ,24-May-2021,61.8,63,63.9,60.35,60.35,61,62.07,"1,74,924","1,08,58,248.05",265,"1,51,603",86.67,660,572
MOKSH,EQ,25-May-2021,61,61,63.25,60.1,61.5,61.55,61.38,98327,"60,35,331.15",531,35812,36.42,185,67
MOKSH,EQ,26-May-2021,61.55,61.95,62.35,60.05,60.65,61.45,61.74,"1,01,274","62,52,772.35",1271,31613,31.22,80,25
MOKSH,EQ,27-May-2021,61.45,61.9,62.5,60.5,60.5,61.75,61.82,47335,"29,26,160.70",200,6870,14.51,237,34
MOKSH,EQ,28-May-2021,61.75,63,63,60.5,62,61.25,60.98,63287,"38,59,092.30",221,29798,47.08,286,135
MOKSH,EQ,31-May-2021,61.25,64.95,64.95,61,64.5,64.15,63.29,"2,99,151","1,89,33,937.30",1063,"2,31,354",77.34,281,218
MOKSH,EQ,01-Jun-2021,64.15,65.1,67.5,65.1,67.3,67.1,66.84,"1,49,138","99,68,077.85",480,77132,51.72,311,161
MOKSH,EQ,02-Jun-2021,67.1,70.5,73.45,67.55,71.05,70.95,70.47,"1,38,233","97,41,501.20",615,82214,59.47,225,134
MOKSH,EQ,03-Jun-2021,70.95,74,78,73.85,78,76.65,76.11,"1,69,682","1,29,14,012.90",721,99871,58.86,235,139
MOKSH,EQ,04-Jun-2021,76.65,77,82.75,77,79.85,80.15,80.22,"2,23,901","1,79,61,144.85",1416,"1,10,778",49.48,158,78
MOKSH,EQ,07-Jun-2021,80.15,82,82.9,78.05,78.05,78.3,79.13,95146,"75,28,565.80",854,39295,41.3,111,46
MOKSH,EQ,08-Jun-2021,78.3,79.1,81.2,79,80.9,79.8,79.55,16635,"13,23,375.85",150,11146,67,111,74
MOKSH,EQ,09-Jun-2021,79.8,80.05,80.05,79,79.15,79,79.13,12590,"9,96,260.00",82,10384,82.48,154,127
MOKSH,EQ,10-Jun-2021,79,79.85,80.05,77.05,80,79.95,79.64,38485,"30,65,061.85",134,29145,75.73,287,218
MOKSH,EQ,11-Jun-2021,79.95,81,81.05,79,79,79.7,80.19,19762,"15,84,743.75",89,14542,73.59,222,163
MOKSH,EQ,14-Jun-2021,79.7,79.65,81,78,79.1,80.8,80.23,31916,"25,60,624.85",115,23571,73.85,278,205
MOKSH,EQ,15-Jun-2021,80.8,80.8,80.8,78.5,80,80,79.83,31631,"25,25,017.10",97,24454,77.31,326,252
MOKSH,EQ,16-Jun-2021,80,79.1,79.95,78.1,79.9,78.95,79.7,27209,"21,68,618.55",195,22659,83.28,140,116
MOKSH,EQ,17-Jun-2021,78.95,79.85,84,77.55,83.9,83.05,82.39,"1,72,128","1,41,81,465.60",1764,"1,10,793",64.37,98,63
MOKSH,EQ,18-Jun-2021,83.05,85.95,85.95,80.45,84,83.9,82.21,81953,"67,37,518.30",511,71392,87.11,160,140
MOKSH,EQ,21-Jun-2021,83.9,80.5,85.15,80.5,83.3,83.1,83,27958,"23,20,435.65",190,26032,93.11,147,137
MOKSH,EQ,22-Jun-2021,83.1,84.95,84.95,81.25,82.8,82.75,82.91,"1,41,601","1,17,40,070.25",408,"1,36,744",96.57,347,335
MOKSH,EQ,23-Jun-2021,82.75,84.5,84.5,80.25,81,82.85,82.87,"2,35,405","1,95,07,157.45",636,"1,14,411",48.6,370,180
MOKSH,EQ,24-Jun-2021,82.85,83.6,87,81.1,86.95,85.4,84.65,"3,81,512","3,22,93,704.35",1104,"3,37,343",88.42,346,306
MOKSH,EQ,25-Jun-2021,85.4,89,93.6,77.45,85.5,85.6,84.36,"5,41,223","4,56,55,953.60",1968,"3,48,794",64.45,275,177
MOKSH,EQ,28-Jun-2021,85.6,85.75,92,85.5,91.95,90.85,89.65,"7,18,308","6,43,98,502.40",1178,"6,68,383",93.05,610,567
MOKSH,EQ,29-Jun-2021,90.85,96.7,99,92.35,96,96.05,95.82,"5,80,877","5,56,58,552.70",892,"5,02,344",86.48,651,563
MOKSH,EQ,30-Jun-2021,96.05,99.75,99.75,96.45,97.5,97,97.18,"1,62,484","1,57,90,697.75",896,"1,54,122",94.85,181,172
MOKSH,EQ,01-Jul-2021,97,99.35,99.35,94.05,97,97.2,96.31,"2,22,217","2,14,02,740.90",611,"1,69,701",76.37,364,278
MOKSH,EQ,02-Jul-2021,97.2,97,99.25,96.75,97.35,97.45,98.42,97113,"95,57,694.25",602,59887,61.67,161,99
MOKSH,EQ,05-Jul-2021,97.45,98.45,102,97.6,102,100.8,99.73,"1,58,466","1,58,04,419.85",1099,98330,62.05,144,89
MOKSH,EQ,06-Jul-2021,100.8,102,120,101.95,116.5,115.5,108.9,"3,19,903","3,48,36,967.75",2293,"1,55,846",48.72,140,68
MOKSH,EQ,07-Jul-2021,115.5,122,123.85,111.85,115.25,115.2,116.21,"2,49,904","2,90,40,877.05",3615,"1,09,887",43.97,69,30
MOKSH,EQ,08-Jul-2021,115.2,117.5,118.5,115,118,117.65,117.48,"1,47,603","1,73,41,022.25",549,"1,19,233",80.78,269,217
MOKSH,EQ,09-Jul-2021,117.65,119.85,123.3,115.1,119,118.4,118.82,"2,05,603","2,44,28,986.30",806,"1,05,585",51.35,255,131
MOKSH,EQ,12-Jul-2021,118.4,118.05,122.65,117.3,120.9,120.35,119.58,"4,02,429","4,81,21,282.80",681,"3,16,221",78.58,591,464
MOKSH,EQ,13-Jul-2021,120.35,122,122,118.1,120.8,120.4,119.89,"2,97,622","3,56,80,941.15",580,"2,74,378",92.19,513,473
MOKSH,EQ,14-Jul-2021,120.4,24.45,25,24,24.8,24.55,24.67,"8,71,756","2,15,07,499.70",1433,"6,98,938",80.18,608,488
MOKSH,EQ,15-Jul-2021,24.55,24.95,26,24.9,25.65,25.6,25.53,"18,68,194","4,76,87,906.80",2650,"16,46,617",88.14,705,621
MOKSH,EQ,16-Jul-2021,25.6,25.65,26.5,25,26,26.1,25.94,"10,14,717","2,63,25,874.05",940,"8,22,245",81.03,1079,875
MOKSH,EQ,19-Jul-2021,26.1,26.4,26.75,25.8,26.75,26.55,26.34,"22,40,665","5,90,18,303.60",1195,"16,66,023",74.35,1875,1394
MOKSH,EQ,20-Jul-2021,26.55,27.3,27.3,26.25,27,26.95,26.72,"11,40,563","3,04,72,730.10",894,"7,95,008",69.7,1276,889
MOKSH,EQ,22-Jul-2021,26.95,27.15,27.3,26.8,27.3,27.2,27.18,"13,11,072","3,56,36,131.60",801,"12,06,753",92.04,1637,1507
MOKSH,EQ,23-Jul-2021,27.2,27.5,27.5,27.1,27.45,27.45,27.43,"11,25,687","3,08,78,015.00",543,"9,96,012",88.48,2073,1834
MOKSH,EQ,26-Jul-2021,27.45,27.8,28.5,27,28.5,28.45,27.93,"10,01,280","2,79,69,722.30",924,"6,79,594",67.87,1084,735
MOKSH,EQ,27-Jul-2021,28.45,29.7,29.7,28.45,29,28.95,28.93,"17,01,526","4,92,23,672.25",867,"15,24,895",89.62,1963,1759
MOKSH,EQ,28-Jul-2021,28.95,29.45,29.45,28.5,29.1,29.25,29.09,"16,15,470","4,69,96,070.50",777,"12,94,771",80.15,2079,1666
MOKSH,EQ,29-Jul-2021,29.25,29.4,29.5,28.5,29.5,29.5,29.32,"10,96,722","3,21,57,724.10",874,"6,47,642",59.05,1255,741
MOKSH,EQ,30-Jul-2021,29.5,29.7,29.75,29.45,29.75,29.7,29.68,"5,73,521","1,70,21,404.95",382,"4,95,886",86.46,1501,1298
MOKSH,EQ,02-Aug-2021,29.7,30.4,30.5,29.9,30.5,30.5,30.39,"7,99,613","2,42,99,145.05",667,"5,36,495",67.09,1199,804
MOKSH,EQ,03-Aug-2021,30.5,30.5,30.5,30,30,30.2,30.37,"6,38,822","1,94,01,525.40",563,"4,01,022",62.78,1135,712
MOKSH,EQ,04-Aug-2021,30.2,30.15,30.6,30,30.5,30.35,30.33,"7,15,047","2,16,87,375.45",501,"5,06,154",70.79,1427,1010
MOKSH,EQ,05-Aug-2021,30.35,30.5,30.7,30.15,30.2,30.4,30.37,"7,63,000","2,31,73,236.30",520,"3,96,534",51.97,1467,763
MOKSH,EQ,06-Aug-2021,30.4,30.45,30.6,30.1,30.5,30.5,30.41,"6,01,354","1,82,89,176.75",423,"3,41,542",56.8,1422,807
MOKSH,EQ,09-Aug-2021,30.5,30.95,31.3,30.4,31.15,31.1,30.7,"9,20,484","2,82,62,650.75",1002,"7,06,215",76.72,919,705
MOKSH,EQ,10-Aug-2021,31.1,31.25,31.45,30.95,31.1,31.1,31.16,"5,92,913","1,84,72,856.80",579,"4,07,627",68.75,1024,704
MOKSH,EQ,11-Aug-2021,31.1,31.7,31.7,30.7,31.3,31.25,31.16,"9,41,605","2,93,42,114.35",1002,"4,95,730",52.65,940,495
MOKSH,EQ,12-Aug-2021,31.25,31.3,31.5,30.9,31.45,31.5,31.36,"11,92,472","3,73,98,743.80",685,"10,14,588",85.08,1741,1481
MOKSH,EQ,13-Aug-2021,31.5,31.5,31.75,31.2,31.2,31.45,31.46,"4,50,661","1,41,77,115.35",547,"2,63,131",58.39,824,481
MOKSH,EQ,16-Aug-2021,31.45,31.6,31.6,31.25,31.25,31.4,31.46,"1,28,908","40,54,986.00",387,90338,70.08,333,233
MOKSH,EQ,17-Aug-2021,31.4,31.3,31.7,31.15,31.15,31.35,31.39,"7,28,031","2,28,52,938.30",579,"4,01,753",55.18,1257,694
MOKSH,EQ,18-Aug-2021,31.35,31.3,31.75,31.25,31.4,31.55,31.44,"9,04,873","2,84,52,710.50",768,"3,80,288",42.03,1178,495
MOKSH,EQ,20-Aug-2021,31.55,31.55,32,31.15,32,31.75,31.46,"6,33,365","1,99,28,698.45",738,"3,42,980",54.15,858,465
MOKSH,EQ,23-Aug-2021,31.75,32,32.1,31.5,31.85,31.95,31.86,"7,95,332","2,53,36,765.90",563,"4,63,632",58.29,1413,824
MOKSH,EQ,24-Aug-2021,31.95,32.95,32.95,31.65,31.65,32.05,31.91,"8,74,704","2,79,08,379.00",741,"6,41,600",73.35,1180,866
MOKSH,EQ,25-Aug-2021,32.05,32.05,32.05,27.55,31.2,31.6,31.82,"16,98,749","5,40,62,048.85",1076,"9,84,977",57.98,1579,915
MOKSH,EQ,26-Aug-2021,31.6,32.05,32.05,30.55,31.9,31.55,31.66,"12,35,479","3,91,13,297.90",1006,"6,32,078",51.16,1228,628
MOKSH,EQ,27-Aug-2021,31.55,32,33,31.6,32.9,32.85,32.23,"12,47,055","4,01,95,940.70",973,"9,60,255",77,1282,987
MOKSH,EQ,30-Aug-2021,32.85,34.2,34.2,33,33.65,33.5,33.45,"14,94,779","4,99,94,386.25",1172,"10,53,631",70.49,1275,899
MOKSH,EQ,31-Aug-2021,33.5,33.9,34.4,33.5,33.5,33.9,33.98,"10,68,558","3,63,11,395.25",879,"7,33,211",68.62,1216,834
MOKSH,EQ,01-Sep-2021,33.9,34.25,34.75,33.8,34.5,34.55,34.34,"8,09,959","2,78,17,873.95",734,"5,94,419",73.39,1103,810
MOKSH,EQ,02-Sep-2021,34.55,34.95,35,34.6,35,34.9,34.9,"7,88,916","2,75,33,888.85",570,"7,43,857",94.29,1384,1305
MOKSH,EQ,03-Sep-2021,34.9,35.3,35.4,35,35.3,35.2,35.2,"6,03,750","2,12,52,177.70",658,"4,10,622",68.01,918,624
MOKSH,EQ,06-Sep-2021,35.2,35.5,36.15,35.3,35.6,35.6,35.6,"5,45,777","1,94,27,519.30",710,"4,58,939",84.09,769,646
MOKSH,EQ,07-Sep-2021,35.6,35.7,35.9,35.45,35.65,35.7,35.66,"10,09,746","3,60,07,502.45",617,"9,01,759",89.31,1637,1462
MOKSH,EQ,08-Sep-2021,35.7,36.05,36.15,35.5,36,35.85,35.75,"8,99,505","3,21,56,199.30",588,"7,52,230",83.63,1530,1279
MOKSH,EQ,09-Sep-2021,35.85,37.7,37.7,35.5,36.25,36.2,36.19,"3,40,928","1,23,36,799.70",577,"1,64,119",48.14,591,284
MOKSH,EQ,13-Sep-2021,36.2,36.9,36.95,36.4,36.7,36.8,36.73,"4,38,682","1,61,13,372.70",602,"2,02,215",46.1,729,336
MOKSH,EQ,14-Sep-2021,36.8,37.5,37.65,36.6,37.15,37,37.02,"8,40,591","3,11,22,763.10",1061,"6,67,363",79.39,792,629
MOKSH,EQ,15-Sep-2021,37,37.1,37.65,36.3,37,37.35,37.29,"18,05,401","6,73,20,712.55",1802,"12,59,105",69.74,1002,699
MOKSH,EQ,16-Sep-2021,37.35,37,37.5,36.7,37.05,37.3,37.19,"8,59,043","3,19,46,068.20",1356,"2,50,721",29.19,634,185
MOKSH,EQ,17-Sep-2021,37.3,37.4,37.4,36.9,37.4,37.25,37.22,"13,71,397","5,10,47,078.45",1109,"9,10,293",66.38,1237,821
MOKSH,EQ,20-Sep-2021,37.25,37.15,38.35,37.1,37.95,37.7,37.49,"8,92,898","3,34,76,388.20",1378,"5,76,597",64.58,648,418
MOKSH,EQ,21-Sep-2021,37.7,38.55,38.55,37.5,37.95,37.95,37.86,"3,17,599","1,20,22,876.85",495,"1,89,230",59.58,642,382
MOKSH,EQ,22-Sep-2021,37.95,37.95,38.55,37.5,38.55,38.15,37.87,"10,11,350","3,83,02,090.75",1350,"5,58,053",55.18,749,413
MOKSH,EQ,23-Sep-2021,38.15,38.9,38.9,37.7,38.65,38.55,38.34,"5,83,068","2,23,56,992.60",719,"3,35,266",57.5,811,466
MOKSH,EQ,24-Sep-2021,38.55,38.55,38.55,37.9,38.25,38.4,38.32,"4,28,197","1,64,08,582.40",855,"2,42,861",56.72,501,284
MOKSH,EQ,27-Sep-2021,38.4,38.5,38.8,38.25,38.75,38.5,38.42,"5,67,026","2,17,86,516.40",567,"3,93,276",69.36,1000,694
MOKSH,EQ,28-Sep-2021,38.5,39.4,39.4,38.2,39,39.25,39.12,"8,07,769","3,15,98,140.40",1060,"5,61,110",69.46,762,529
MOKSH,EQ,29-Sep-2021,39.25,41,41,39.5,39.95,39.95,40.05,"3,36,212","1,34,66,352.75",707,"2,15,791",64.18,476,305
MOKSH,EQ,30-Sep-2021,39.95,40.25,40.25,39.85,40.25,40.1,40.12,"2,80,100","1,12,36,626.55",523,"2,28,412",81.55,536,437
MOKSH,EQ,01-Oct-2021,40.1,40.25,40.95,39.75,40.3,40.25,40.31,"4,92,995","1,98,71,239.35",865,"2,94,171",59.67,570,340
MOKSH,EQ,04-Oct-2021,40.25,40.9,41.8,40.3,40.85,40.8,40.69,"8,20,981","3,34,09,015.80",1161,"4,80,474",58.52,707,414
MOKSH,EQ,05-Oct-2021,40.8,41.15,41.15,40.7,40.95,40.75,40.89,"6,03,983","2,46,96,098.25",671,"3,06,709",50.78,900,457
MOKSH,EQ,06-Oct-2021,40.75,41,41.4,40.45,41.3,41.25,40.95,"9,57,183","3,91,95,101.50",1471,"4,38,618",45.82,651,298
MOKSH,EQ,07-Oct-2021,41.25,42.4,42.4,41.2,41.8,41.8,41.68,"4,20,128","1,75,10,900.90",1031,"3,19,196",75.98,407,310
MOKSH,EQ,08-Oct-2021,41.8,42,42.45,41.7,42.1,42.25,42.13,"2,12,015","89,31,176.85",558,"1,33,738",63.08,380,240
MOKSH,EQ,11-Oct-2021,42.25,42.5,44.4,42,43.25,43.95,43.41,"12,33,096","5,35,32,466.75",2313,"8,26,477",67.02,533,357
MOKSH,EQ,12-Oct-2021,43.95,44.9,49,35.2,35.2,35.2,41.49,"36,28,546","15,05,31,196.40",9232,"13,46,851",37.12,393,146
MOKSH,EQ,13-Oct-2021,35.2,28.2,32.4,28.2,29,28.75,28.37,"37,83,747","10,73,49,534.50",3581,"26,27,873",69.45,1057,734
MOKSH,EQ,14-Oct-2021,28.75,29.25,31.6,29.25,31.6,31.6,31.33,"2,84,378","89,09,674.95",781,"2,42,206",85.17,364,310
MOKSH,EQ,18-Oct-2021,31.6,33.7,34.75,32.65,34,34.35,34.32,"14,49,749","4,97,49,071.95",3427,"10,11,227",69.75,423,295
MOKSH,EQ,19-Oct-2021,34.35,35.7,35.75,34.05,34.75,34.75,34.8,"7,10,114","2,47,12,000.30",2336,"4,42,336",62.29,304,189
MOKSH,EQ,20-Oct-2021,34.75,35.4,35.8,34,34.4,35.2,34.88,"7,02,632","2,45,08,197.05",1846,"3,69,765",52.63,381,200
MOKSH,EQ,21-Oct-2021,35.2,35,35.45,33.8,34.55,35.2,34.67,"6,14,428","2,13,00,721.55",1284,"4,79,403",78.02,479,373
MOKSH,EQ,22-Oct-2021,35.2,35.45,35.45,34.5,34.65,34.95,34.94,"7,83,246","2,73,66,433.50",774,"5,33,297",68.09,1012,689
MOKSH,EQ,25-Oct-2021,34.95,35.25,35.25,34.55,34.9,34.9,34.85,"7,35,560","2,56,34,870.20",855,"4,30,620",58.54,860,504
MOKSH,EQ,26-Oct-2021,34.9,34.75,35.1,34.3,34.45,34.55,34.62,"6,15,546","2,13,10,966.35",761,"3,17,384",51.56,809,417
MOKSH,EQ,27-Oct-2021,34.55,34.55,35,34.5,34.95,34.95,34.77,"5,46,800","1,90,09,538.85",668,"4,66,283",85.27,819,698
MOKSH,EQ,28-Oct-2021,34.95,34.65,35.1,34.4,34.8,34.7,34.69,"1,74,031","60,37,895.05",363,"1,14,225",65.63,479,315
MOKSH,EQ,29-Oct-2021,34.7,35,35,34.6,34.6,34.9,34.85,"8,12,170","2,83,05,839.40",556,"5,63,294",69.36,1461,1013
MOKSH,EQ,01-Nov-2021,34.9,35.5,35.8,34.4,34.95,34.85,34.94,"6,96,753","2,43,41,243.95",824,"2,15,613",30.95,846,262
MOKSH,EQ,02-Nov-2021,34.85,35.35,35.5,34.6,35.1,35.25,35.14,"2,43,259","85,48,886.90",505,"1,26,938",52.18,482,251
MOKSH,EQ,03-Nov-2021,35.25,35,35.5,34.8,35.45,35.25,35.12,"6,41,938","2,25,46,128.80",429,"2,67,860",41.73,1496,624
MOKSH,EQ,04-Nov-2021,35.25,35,35.95,34.9,35.2,35.3,35.2,81815,"28,79,499.75",187,51401,62.83,438,275
MOKSH,EQ,08-Nov-2021,35.3,35.5,35.75,34.8,35.35,35.4,35.27,"1,68,790","59,52,692.25",360,96286,57.04,469,267
MOKSH,EQ,09-Nov-2021,35.4,36.95,37,33.2,35.3,35.05,35.05,"8,95,501","3,13,90,797.60",775,"4,98,433",55.66,1155,643
MOKSH,EQ,10-Nov-2021,35.05,35.4,35.9,34.9,35.6,35.65,35.29,"5,41,341","1,91,02,749.70",482,"3,12,009",57.64,1123,647
MOKSH,EQ,11-Nov-2021,35.65,35.4,35.9,35.15,35.9,35.6,35.46,"1,79,561","63,66,378.35",379,96967,54,474,256
MOKSH,EQ,12-Nov-2021,35.6,35.8,37.9,35.5,36.45,36.35,36.31,"6,33,514","2,30,00,740.10",1624,"3,01,019",47.52,390,185
MOKSH,EQ,15-Nov-2021,36.35,36.25,37.95,36.25,37.95,37.95,37.17,"10,62,618","3,94,96,345.35",1202,"4,21,411",39.66,884,351
MOKSH,EQ,16-Nov-2021,37.95,37.95,38.3,37.6,37.95,37.85,37.81,"4,40,634","1,66,59,348.20",456,"2,94,956",66.94,966,647
MOKSH,EQ,17-Nov-2021,37.85,38,38,37.5,37.85,37.8,37.73,"6,34,707","2,39,46,158.60",580,"5,18,342",81.67,1094,894
MOKSH,EQ,18-Nov-2021,37.8,37.7,37.9,37.5,37.8,37.65,37.72,"4,91,027","1,85,21,739.95",543,"2,43,782",49.65,904,449
MOKSH,EQ,22-Nov-2021,37.65,38.35,38.35,37.4,37.6,37.95,37.92,"16,04,691","6,08,50,721.50",800,"10,54,509",65.71,2006,1318
MOKSH,EQ,23-Nov-2021,37.95,39,39,37.7,37.75,37.9,37.82,"12,01,084","4,54,26,154.00",480,"7,17,309",59.72,2502,1494
MOKSH,EQ,24-Nov-2021,37.9,37.7,39.1,37.4,39,38.85,38.16,"13,83,714","5,27,97,155.30",1119,"10,05,714",72.68,1237,899
MOKSH,EQ,25-Nov-2021,38.85,39.9,39.9,38.35,38.65,38.85,38.85,"3,66,280","1,42,30,774.70",441,"2,39,812",65.47,831,544
MOKSH,EQ,26-Nov-2021,38.85,38.65,39.4,38.45,38.75,38.7,38.79,"8,85,083","3,43,29,806.85",637,"4,17,611",47.18,1389,656
MOKSH,EQ,29-Nov-2021,38.7,39.5,39.5,38.6,39,38.9,38.73,"8,71,157","3,37,37,059.60",685,"5,06,532",58.14,1272,739
MOKSH,EQ,30-Nov-2021,38.9,39,39.15,38.7,39.15,39,38.84,"4,38,908","1,70,46,051.00",373,"2,63,894",60.13,1177,707
MOKSH,EQ,01-Dec-2021,39,39.7,40.6,38.95,39.85,39.25,39.45,"6,75,830","2,66,63,745.85",727,"3,51,100",51.95,930,483
MOKSH,EQ,02-Dec-2021,39.25,39.9,40.15,39.4,40,39.9,39.66,"11,12,375","4,41,21,315.20",1017,"7,41,644",66.67,1094,729
MOKSH,EQ,03-Dec-2021,39.9,40,40.05,39.7,39.85,39.95,39.93,"6,20,348","2,47,67,703.65",466,"4,30,389",69.38,1331,924
MOKSH,EQ,06-Dec-2021,39.95,40.75,41.7,39.4,40.85,40.25,40.67,"5,34,299","2,17,30,130.75",967,"3,94,158",73.77,553,408
MOKSH,EQ,07-Dec-2021,40.25,41.8,42.5,40.65,41.6,41.55,41.61,"9,95,693","4,14,27,335.80",2127,"5,10,422",51.26,468,240
MOKSH,EQ,08-Dec-2021,41.55,42.5,42.5,40.9,41.75,41.45,41.69,"10,13,246","4,22,39,508.40",1382,"7,33,829",72.42,733,531
MOKSH,EQ,09-Dec-2021,41.45,41.3,42.3,40.7,42.25,41.95,41.66,"9,41,581","3,92,29,857.90",1479,"5,75,849",61.16,637,389
MOKSH,EQ,10-Dec-2021,41.95,42.7,43,41.8,43,42.75,42.56,"6,27,995","2,67,27,839.05",863,"4,35,997",69.43,728,505
MOKSH,EQ,13-Dec-2021,42.75,43,45,42.75,44,43.5,43.34,"8,32,767","3,60,95,501.65",1501,"5,31,025",63.77,555,354
MOKSH,EQ,14-Dec-2021,43.5,45.95,45.95,42.85,43.2,43.2,44.42,"6,77,013","3,00,69,660.80",1648,"3,79,294",56.02,411,230
MOKSH,EQ,15-Dec-2021,43.2,44,44.95,43.5,44.55,44.45,44.09,"16,47,096","7,26,21,217.65",2191,"8,13,677",49.4,752,371
MOKSH,EQ,16-Dec-2021,44.45,45.35,45.35,44.25,44.5,44.5,44.6,"8,86,804","3,95,50,609.40",1277,"5,58,748",63.01,694,438
MOKSH,EQ,17-Dec-2021,44.5,45.2,45.2,43.85,44.25,44.2,44.29,"5,76,099","2,55,17,328.35",1019,"2,82,877",49.1,565,278
MOKSH,EQ,20-Dec-2021,44.2,44.05,44.35,41.05,42,42.4,42.83,"16,01,931","6,86,03,096.35",3813,"6,39,059",39.89,420,168
MOKSH,EQ,21-Dec-2021,42.4,42.6,43,41.25,41.8,42.1,42.65,"8,12,658","3,46,59,381.40",1307,"5,69,009",70.02,622,435
MOKSH,EQ,22-Dec-2021,42.1,42.25,42.85,41.85,42,42.65,42.45,"14,40,203","6,11,43,064.40",2193,"9,46,129",65.69,657,431
MOKSH,EQ,23-Dec-2021,42.65,43,43.75,42.5,43.75,43.75,43.43,"9,20,431","3,99,76,434.80",1137,"7,92,020",86.05,810,697
MOKSH,EQ,24-Dec-2021,43.75,44.9,45,43.5,45,44.5,44.2,"5,82,989","2,57,65,809.65",861,"3,09,227",53.04,677,359
MOKSH,EQ,27-Dec-2021,44.5,45.2,45.2,44.2,44.5,44.5,44.6,"11,88,422","5,30,01,689.10",566,"9,20,731",77.48,2100,1627
MOKSH,EQ,28-Dec-2021,44.5,44.5,44.85,43.85,44,44.5,44.31,"5,73,722","2,54,22,155.15",905,"4,04,023",70.42,634,446
MOKSH,EQ,29-Dec-2021,44.5,45.4,45.4,44.3,44.5,44.5,44.48,"10,16,307","4,52,07,186.90",527,"6,87,612",67.66,1928,1305
MOKSH,EQ,30-Dec-2021,44.5,45,46.1,44.3,44.65,44.65,44.52,"13,05,724","5,81,28,269.25",966,"9,35,766",71.67,1352,969
MOKSH,EQ,31-Dec-2021,44.65,45,45.9,44.45,44.6,44.65,44.76,"4,82,086","2,15,79,272.55",985,"3,55,704",73.78,489,361
MOKSH,EQ,03-Jan-2022,44.65,45,45,44.1,44.8,44.55,44.53,"13,95,814","6,21,60,808.60",1347,"9,38,145",67.21,1036,696
MOKSH,EQ,04-Jan-2022,44.55,45.45,45.45,44.35,44.5,44.7,44.69,"15,32,248","6,84,69,048.75",1134,"11,57,795",75.56,1351,1021
MOKSH,EQ,05-Jan-2022,44.7,44.35,44.85,44.05,44.5,44.4,44.47,"12,54,083","5,57,65,553.40",1012,"9,08,948",72.48,1239,898
MOKSH,EQ,06-Jan-2022,44.4,44.5,44.6,44.1,44.4,44.45,44.35,"7,77,856","3,44,97,667.15",904,"2,61,130",33.57,860,289
MOKSH,EQ,07-Jan-2022,44.45,45.25,45.25,43.85,44.45,44.3,44.31,"13,36,506","5,92,16,694.70",1140,"7,98,882",59.77,1172,701
MOKSH,EQ,10-Jan-2022,44.3,44.3,44.3,41.7,42.95,43.15,42.76,"26,27,294","11,23,53,726.25",3986,"17,16,461",65.33,659,431
MOKSH,EQ,11-Jan-2022,43.15,44,44,41.85,43.4,43.1,43.17,"9,37,443","4,04,64,923.90",1645,"6,14,442",65.54,570,374
MOKSH,EQ,12-Jan-2022,43.1,44,46.95,42,43.05,43.55,43.65,"14,30,519","6,24,42,596.70",2737,"7,82,222",54.68,523,286
MOKSH,EQ,13-Jan-2022,43.55,43.25,44,42.75,43.3,43.65,43.6,"16,52,907","7,20,66,708.00",1727,"12,97,314",78.49,957,751
MOKSH,EQ,14-Jan-2022,43.65,43.95,45.95,42.9,45.65,44.55,43.97,"19,23,452","8,45,77,759.20",2214,"13,73,440",71.4,869,620
MOKSH,EQ,17-Jan-2022,44.55,45,53.45,44.2,52.9,52.05,47.08,"23,45,206","11,04,23,956.70",5683,"12,75,481",54.39,413,224
MOKSH,EQ,18-Jan-2022,52.05,54.6,61.15,48,50.5,54.45,58.04,"35,91,193","20,84,32,670.00",21137,"10,76,708",29.98,170,51
MOKSH,EQ,19-Jan-2022,54.45,54.9,57.9,50.05,51.45,53.25,55.45,"28,27,605","15,67,91,264.95",13933,"14,44,839",51.1,203,104
MOKSH,EQ,20-Jan-2022,53.25,54.2,56.55,42.6,42.6,42.6,48.66,"25,80,387","12,55,58,897.50",6890,"15,50,932",60.1,375,225
MOKSH,EQ,21-Jan-2022,42.6,34.1,34.1,34.1,34.1,34.1,34.1,"4,09,208","1,39,53,992.80",2410,"4,09,208",100,170,170
MOKSH,EQ,24-Jan-2022,34.1,27.3,39,27.3,37.45,37.9,32.57,"76,08,524","24,78,10,480.90",28076,"29,56,237",38.85,271,105
MOKSH,EQ,25-Jan-2022,37.9,39.5,39.9,30.35,30.35,31.5,33.53,"44,13,778","14,80,07,753.65",22214,"20,65,845",46.8,199,93
MOKSH,EQ,27-Jan-2022,31.5,30,33.95,29,32.9,33,31.02,"56,93,733","17,66,20,124.65",9944,"27,25,442",47.87,573,274
MOKSH,EQ,28-Jan-2022,33,33.7,34.3,32.6,33.25,33.3,33.43,"12,06,244","4,03,22,678.40",2442,"5,59,663",46.4,494,229
MOKSH,EQ,31-Jan-2022,33.3,33.9,36.35,31.6,36.2,36.05,35.53,"29,89,999","10,62,35,320.45",12301,"19,71,496",65.94,243,160
MOKSH,EQ,01-Feb-2022,36.05,36.4,37.9,35.1,36,36.35,36.92,"27,38,979","10,11,13,084.25",14467,"17,15,466",62.63,189,119
MOKSH,EQ,02-Feb-2022,36.35,36.6,36.7,32.75,32.75,32.75,33.45,"14,17,777","4,74,31,665.85",5901,"11,13,314",78.53,240,189
MOKSH,EQ,03-Feb-2022,32.75,29.5,32,29.5,29.5,29.5,29.8,"32,76,280","9,76,47,308.35",6945,"18,20,696",55.57,472,262
MOKSH,EQ,04-Feb-2022,29.5,28.1,29.5,26.55,26.55,26.55,27.47,"23,48,817","6,45,14,190.85",8888,"16,79,381",71.5,264,189
MOKSH,EQ,07-Feb-2022,26.55,25.25,25.25,25.25,25.25,25.25,25.25,"2,95,604","74,64,001.00",1778,"2,95,604",100,166,166
MOKSH,EQ,08-Feb-2022,25.25,24,26.4,24,25.95,26,24.84,"35,73,512","8,87,76,791.80",7307,"17,22,235",48.19,489,236
MOKSH,EQ,09-Feb-2022,26,25.9,26.2,24.7,25,25.05,25.09,"8,94,102","2,24,29,065.00",3458,"4,98,603",55.77,259,144
MOKSH,EQ,10-Feb-2022,25.05,24.95,25.35,23.8,23.9,23.8,24.03,"10,04,203","2,41,32,104.00",3666,"6,59,204",65.64,274,180
MOKSH,EQ,11-Feb-2022,23.8,23.95,24.95,22.95,24.8,24.35,24.29,"11,87,091","2,88,36,999.60",3174,"8,72,290",73.48,374,275
MOKSH,EQ,14-Feb-2022,24.35,23.55,23.7,23.15,23.15,23.15,23.18,"2,14,860","49,79,934.55",1106,"1,74,004",80.98,194,157
MOKSH,EQ,15-Feb-2022,23.15,22,22.7,22,22,22,22.02,"11,66,135","2,56,74,599.25",1667,"6,56,946",56.34,700,394
MOKSH,EQ,16-Feb-2022,22,20.9,22,20.9,21.4,21.4,21.18,"12,17,315","2,57,87,173.90",3939,"6,82,772",56.09,309,173
MOKSH,EQ,17-Feb-2022,21.4,21.85,22.45,20.35,22.45,22.45,21.87,"20,63,200","4,51,24,068.00",2470,"4,29,060",20.8,835,174
MOKSH,EQ,18-Feb-2022,22.45,23,23.55,22.2,23.35,23.5,23.3,"17,48,585","4,07,38,589.30",2436,"5,84,011",33.4,718,240
MOKSH,EQ,21-Feb-2022,23.5,23.05,24.15,22.35,22.35,22.35,22.74,"5,38,627","1,22,49,027.90",1478,"4,40,323",81.75,364,298
MOKSH,EQ,22-Feb-2022,22.35,21.25,22.8,21.25,21.55,21.45,21.39,"2,85,991","61,18,138.15",924,"1,96,801",68.81,310,213
MOKSH,EQ,23-Feb-2022,21.45,20.7,21.45,20.4,20.4,20.4,20.55,"3,47,727","71,45,730.70",1555,"2,84,674",81.87,224,183
MOKSH,EQ,24-Feb-2022,20.4,19.4,19.4,19.4,19.4,19.4,19.4,61038,"11,84,137.20",600,61038,100,102,102
MOKSH,EQ,25-Feb-2022,19.4,18.45,19.35,18.45,18.45,18.45,18.51,"13,31,494","2,46,52,419.25",1802,"7,69,871",57.82,739,427
MOKSH,EQ,28-Feb-2022,18.45,17.55,17.55,17.55,17.55,17.55,17.55,"4,33,832","76,13,751.60",988,"3,15,425",72.71,439,319
MOKSH,EQ,02-Mar-2022,17.55,16.7,18.4,16.7,18.4,18.15,17.19,"12,10,709","2,08,08,912.45",2624,"6,04,813",49.96,461,230
MOKSH,EQ,03-Mar-2022,18.15,18.55,19.05,18.35,19.05,19.05,18.98,"7,62,712","1,44,73,902.55",2080,"4,20,512",55.13,367,202
MOKSH,EQ,04-Mar-2022,19.05,19.45,19.5,18.1,18.1,18.1,18.32,"6,10,176","1,11,78,186.30",1472,"3,67,387",60.21,415,250
MOKSH,EQ,07-Mar-2022,18.1,17.25,18.55,17.2,17.55,17.45,17.62,"2,39,254","42,16,710.90",1266,98969,41.37,189,78
MOKSH,EQ,08-Mar-2022,17.45,17.1,17.95,17,17.75,17.65,17.4,"1,80,981","31,49,605.75",972,"1,21,777",67.29,186,125
MOKSH,EQ,09-Mar-2022,17.65,18.2,18.2,17.55,17.95,17.95,17.88,"2,03,524","36,39,900.85",1056,"1,69,633",83.35,193,161
MOKSH,EQ,10-Mar-2022,17.95,17.85,18.55,17.25,18.35,18.1,18.18,"2,18,217","39,66,832.10",980,"1,38,357",63.4,223,141
MOKSH,EQ,11-Mar-2022,18.1,18.35,19,17.35,18.45,18.2,18.19,"2,15,499","39,19,424.25",887,94314,43.77,243,106
MOKSH,EQ,14-Mar-2022,18.2,18.75,18.75,17.3,17.5,17.6,17.52,"5,74,973","1,00,72,717.75",1400,"4,01,402",69.81,411,287
MOKSH,EQ,15-Mar-2022,17.6,17.5,17.9,17.2,17.35,17.35,17.44,"1,96,443","34,25,379.00",782,"1,60,422",81.66,251,205
MOKSH,EQ,16-Mar-2022,17.35,17.8,17.8,16.9,17.2,17.15,17.16,"1,90,430","32,68,555.65",900,"1,55,399",81.6,212,173
MOKSH,EQ,17-Mar-2022,17.15,17.4,17.6,17,17.45,17.3,17.27,"2,44,176","42,15,729.50",785,"1,89,472",77.6,311,241
MOKSH,EQ,21-Mar-2022,17.3,17.5,17.75,16.9,17.5,17.35,17.44,"1,37,726","24,01,683.40",631,97885,71.07,218,155
MOKSH,EQ,22-Mar-2022,17.35,17.7,17.7,16.8,17.05,17.1,17.08,"1,15,240","19,68,351.35",642,96083,83.38,180,150
MOKSH,EQ,23-Mar-2022,17.1,17,17.75,16.25,17.25,17.25,17.06,"5,44,503","92,90,806.95",1130,"4,12,401",75.74,482,365
MOKSH,EQ,24-Mar-2022,17.25,17.45,17.75,16.4,16.4,16.5,16.84,"4,53,264","76,34,803.00",974,"2,61,835",57.77,465,269
MOKSH,EQ,25-Mar-2022,16.5,16.9,16.9,15.85,15.9,15.9,16.16,"3,44,090","55,60,174.75",1208,"2,71,055",78.77,285,224
MOKSH,EQ,28-Mar-2022,15.9,15.2,15.85,15.15,15.15,15.15,15.2,"3,29,588","50,10,237.25",1081,"2,52,372",76.57,305,233
MOKSH,EQ,29-Mar-2022,15.15,15,15.85,14.65,15.25,15.05,15.16,"2,09,602","31,78,375.25",900,"1,51,199",72.14,233,168
MOKSH,EQ,30-Mar-2022,15.05,15.6,15.6,14.6,15.1,15.1,15,"2,57,808","38,67,897.30",932,"1,86,906",72.5,277,201
MOKSH,EQ,31-Mar-2022,15.1,14.5,15.5,14.35,15.3,14.7,14.65,"9,27,676","1,35,93,627.65",1671,"5,24,072",56.49,555,314
MOKSH,EQ,01-Apr-2022,14.7,15.15,15.4,14.8,15.4,15.4,15.19,"1,95,771","29,73,330.60",682,"1,67,969",85.8,287,246
MOKSH,EQ,04-Apr-2022,15.4,15.95,16.15,15.5,16.15,16.15,16.06,"2,52,944","40,62,908.30",700,"2,30,761",91.23,361,330
MOKSH,EQ,05-Apr-2022,16.15,16.85,16.95,16.6,16.95,16.95,16.88,"1,09,163","18,42,163.05",436,"1,04,189",95.44,250,239
MOKSH,EQ,06-Apr-2022,16.95,17.75,17.75,17.75,17.75,17.75,17.75,82679,"14,67,552.25",402,81081,98.07,206,202
MOKSH,EQ,07-Apr-2022,17.75,18.6,18.6,18.6,18.6,18.6,18.6,"1,16,717","21,70,936.20",496,"1,04,063",89.16,235,210
MOKSH,EQ,08-Apr-2022,18.6,19.5,19.5,17.7,19.35,19.35,18.77,"5,31,832","99,84,383.75",1832,"3,03,799",57.12,290,166
MOKSH,EQ,11-Apr-2022,19.35,20.1,20.3,18.45,20.25,19.95,19.94,"5,07,461","1,01,17,670.95",1902,"3,55,817",70.12,267,187
MOKSH,EQ,12-Apr-2022,19.95,20.4,20.4,19.25,19.7,19.75,19.73,"1,65,028","32,56,431.75",689,"1,18,205",71.63,240,172
MOKSH,EQ,13-Apr-2022,19.75,20.3,20.4,19.6,20.1,20.15,19.99,"1,99,240","39,82,512.40",657,"1,57,087",78.84,303,239
MOKSH,EQ,18-Apr-2022,20.15,20.45,20.45,19.2,19.9,19.8,19.55,"2,64,828","51,76,878.60",656,"2,07,784",78.46,404,317
MOKSH,EQ,19-Apr-2022,19.8,19.55,20.15,19,19,19.55,19.82,"4,95,804","98,24,361.95",666,"3,93,734",79.41,744,591
MOKSH,EQ,20-Apr-2022,19.55,18.8,19.9,18.6,19.55,19.6,19.23,"3,25,540","62,60,084.80",699,"2,15,205",66.11,466,308
MOKSH,EQ,21-Apr-2022,19.6,18.8,20.3,18.8,19.7,20.15,19.82,"6,61,610","1,31,13,895.85",895,"4,23,002",63.94,739,473
MOKSH,EQ,22-Apr-2022,20.15,20.15,21.15,19.55,21.15,21.05,20.57,"3,47,472","71,47,544.85",849,"2,92,112",84.07,409,344
MOKSH,EQ,25-Apr-2022,21.05,21.5,21.55,20.5,21.2,21.25,21.02,"4,85,155","1,01,97,585.70",989,"2,88,544",59.47,491,292
MOKSH,EQ,26-Apr-2022,21.25,21.6,22.3,21.05,22.3,22.15,21.86,"4,89,010","1,06,91,295.45",1256,"3,43,530",70.25,389,274
MOKSH,EQ,27-Apr-2022,22.15,22,22.9,21.1,22.5,22.65,22.51,"9,30,981","2,09,52,869.25",1561,"6,13,748",65.92,596,393
MOKSH,EQ,28-Apr-2022,22.65,23.15,23.15,22.2,22.7,22.75,22.81,"7,27,788","1,66,04,428.05",1725,"5,91,995",81.34,422,343
MOKSH,EQ,29-Apr-2022,22.75,23.15,23.15,21.95,22.5,22.75,22.56,"7,53,236","1,69,95,535.60",1342,"5,41,975",71.95,561,404
MOKSH,EQ,02-May-2022,22.75,22.75,22.75,21.65,21.65,21.65,21.79,"1,47,451","32,12,367.60",417,95104,64.5,354,228
MOKSH,EQ,04-May-2022,21.65,20.6,21,20.6,20.6,20.6,20.6,"2,04,689","42,17,240.35",351,"1,51,065",73.8,583,430
MOKSH,EQ,05-May-2022,20.6,19.6,21.6,19.6,21.5,21.5,20.39,"13,94,212","2,84,21,281.35",1262,"7,15,663",51.33,1105,567
MOKSH,EQ,06-May-2022,21.5,21.25,21.25,20.45,20.45,20.45,20.5,"2,51,376","51,52,006.35",424,"2,11,312",84.06,593,498
MOKSH,EQ,09-May-2022,20.45,19.45,19.45,19.45,19.45,19.45,19.45,22380,"4,35,291.00",215,22380,100,104,104
MOKSH,EQ,10-May-2022,19.45,18.5,18.5,18.5,18.5,18.5,18.5,"1,35,601","25,08,618.50",266,"1,33,991",98.81,510,504
MOKSH,EQ,11-May-2022,18.5,17.6,17.6,17.6,17.6,17.6,17.6,"3,37,802","59,45,315.20",462,"2,46,801",73.06,731,534
MOKSH,EQ,12-May-2022,17.6,16.75,16.75,16.75,16.75,16.75,16.75,28972,"4,85,281.00",264,28972,100,110,110
MOKSH,EQ,13-May-2022,16.75,15.95,15.95,15.95,15.95,15.95,15.95,"1,11,718","17,81,902.10",512,"1,11,718",100,218,218
MOKSH,EQ,16-May-2022,15.95,15.9,15.9,15.2,15.2,15.2,15.29,"3,51,481","53,73,359.65",1098,"2,04,355",58.14,320,186
MOKSH,EQ,17-May-2022,15.2,15,15.95,14.8,15.6,15.6,15.58,"2,92,172","45,51,350.45",1083,"1,85,505",63.49,270,171
MOKSH,EQ,18-May-2022,15.6,16,16,15.1,15.3,15.3,15.52,"4,68,644","72,75,328.15",922,"3,56,126",75.99,508,386
MOKSH,EQ,19-May-2022,15.3,15.5,15.5,14.55,14.55,14.55,14.57,"3,34,159","48,67,192.40",884,"2,39,360",71.63,378,271
MOKSH,EQ,20-May-2022,14.55,14.5,15.25,14.2,15,14.95,14.95,"4,97,384","74,36,524.30",779,"4,07,438",81.92,638,523
MOKSH,EQ,23-May-2022,14.95,14.95,15.5,14.3,14.8,14.8,14.64,"1,64,761","24,12,107.40",573,96747,58.72,288,169
MOKSH,EQ,24-May-2022,14.8,14.8,15.25,14.6,15.05,14.95,14.85,45327,"6,72,907.65",339,36255,79.99,134,107
MOKSH,EQ,25-May-2022,14.95,14.95,15.5,14.5,15.2,15.05,15.01,"4,20,393","63,08,542.30",660,"2,19,454",52.2,637,333
MOKSH,EQ,26-May-2022,15.05,15.4,15.4,14.4,15.2,15.15,14.93,93428,"13,94,814.45",376,63492,67.96,248,169
MOKSH,EQ,27-May-2022,15.15,14.75,15.4,14.55,15.3,14.85,15,"5,69,719","85,44,885.20",528,"5,17,841",90.89,1079,981
MOKSH,EQ,30-May-2022,14.85,14.6,15.55,14.6,15.55,15.55,15.52,"8,03,816","1,24,77,892.55",2301,"5,75,910",71.65,349,250
MOKSH,EQ,31-May-2022,15.55,16,16.3,14.8,14.8,14.8,15.74,"10,35,519","1,62,95,363.65",2406,"7,96,884",76.96,430,331
MOKSH,EQ,01-Jun-2022,14.8,14.1,14.1,14.1,14.1,14.1,14.1,"3,51,962","49,62,664.20",961,"2,81,610",80.01,366,293
MOKSH,EQ,02-Jun-2022,14.1,13.5,14.25,13.4,14,14.2,13.81,"6,12,115","84,53,041.05",1538,"4,52,179",73.87,398,294
MOKSH,EQ,03-Jun-2022,14.2,14.7,14.8,14,14.2,14.2,14.43,"3,18,905","46,02,311.40",733,"2,81,320",88.21,435,384
MOKSH,EQ,06-Jun-2022,14.2,14.65,14.65,13.7,14.35,14.4,14.38,"3,67,431","52,82,591.00",514,"3,42,561",93.23,715,666
MOKSH,EQ,07-Jun-2022,14.4,14.4,15.8,13.9,15.8,15.8,15.02,"8,62,057","1,29,49,761.80",1155,"6,17,442",71.62,746,535
MOKSH,EQ,08-Jun-2022,15.8,16.35,17.3,15.55,16.45,16.9,16.81,"10,32,915","1,73,61,271.90",2734,"6,86,716",66.48,378,251
MOKSH,EQ,09-Jun-2022,16.9,16.9,17.35,15.25,15.25,15.25,15.84,"7,00,103","1,10,89,381.15",1705,"5,22,886",74.69,411,307
MOKSH,EQ,10-Jun-2022,15.25,13.75,16.4,13.75,15.75,15.65,14.46,"21,73,342","3,14,24,388.20",3348,"8,96,233",41.24,649,268
MOKSH,EQ,13-Jun-2022,15.65,14.7,16.3,14.7,15.25,15.9,15.47,"7,72,320","1,19,44,319.10",1157,"4,57,582",59.25,668,395
MOKSH,EQ,14-Jun-2022,15.9,15.9,17,15.1,16.5,16.75,16.13,"9,06,748","1,46,28,998.30",1197,"3,84,993",42.46,758,322
MOKSH,EQ,15-Jun-2022,16.75,17.4,17.7,16.5,17.45,17.45,17.01,"9,23,111","1,57,04,224.25",1441,"4,21,503",45.66,641,293
MOKSH,EQ,16-Jun-2022,17.45,17.1,18,16.2,16.8,17.5,17.17,"9,25,087","1,58,87,050.10",1340,"4,14,198",44.77,690,309
MOKSH,EQ,17-Jun-2022,17.5,16.8,18.75,16.65,18.25,18.4,17.68,"10,13,594","1,79,23,299.95",1746,"6,26,387",61.8,581,359
MOKSH,EQ,20-Jun-2022,18.4,18.9,19.1,17.25,18.9,19,18.57,"20,49,005","3,80,41,465.10",1724,"16,46,127",80.34,1189,955
MOKSH,EQ,21-Jun-2022,19,19.5,20.9,19.2,20.9,20.85,20.45,"37,47,367","7,66,15,815.10",6533,"15,81,395",42.2,574,242
MOKSH,EQ,22-Jun-2022,20.85,20.45,21.4,19.85,19.85,19.85,20.67,"11,32,895","2,34,11,955.00",3511,"7,26,479",64.13,323,207
MOKSH,EQ,23-Jun-2022,19.85,18.9,18.9,18.9,18.9,18.9,18.9,29879,"5,64,713.10",202,29879,100,148,148
MOKSH,EQ,24-Jun-2022,18.9,18,19.8,18,19.3,19.05,19.01,"19,07,349","3,62,57,236.95",1255,"15,09,439",79.14,1520,1203
MOKSH,EQ,27-Jun-2022,19.05,19.05,19.9,18.3,19.8,19.85,19.47,"23,59,629","4,59,41,592.35",1803,"16,48,391",69.86,1309,914
MOKSH,EQ,28-Jun-2022,19.85,20.3,20.3,19.5,19.6,19.6,19.68,"4,17,700","82,19,635.15",779,"2,78,673",66.72,536,358
MOKSH,EQ,29-Jun-2022,19.6,19.5,19.8,19.15,19.7,19.65,19.58,"13,41,858","2,62,75,246.50",670,"4,99,003",37.19,2003,745
MOKSH,EQ,30-Jun-2022,19.65,19.5,19.85,18.75,19.25,19.55,19.36,"5,73,383","1,11,02,958.05",831,"2,45,052",42.74,690,295
MOKSH,EQ,01-Jul-2022,19.55,19.1,19.85,18.8,19.45,19.8,19.5,"4,17,679","81,44,427.50",709,"2,48,877",59.59,589,351
MOKSH,EQ,04-Jul-2022,19.8,19.8,19.8,19.05,19.1,19.35,19.46,"2,37,101","46,13,364.25",731,"1,49,119",62.89,324,204
MOKSH,EQ,05-Jul-2022,19.35,19.25,19.5,19,19.15,19.15,19.25,"6,09,647","1,17,35,095.35",719,"3,91,691",64.25,848,545
MOKSH,EQ,06-Jul-2022,19.15,19.5,19.8,18.2,19.1,19.7,19.39,"9,99,855","1,93,83,870.90",1073,"5,01,773",50.18,932,468
MOKSH,EQ,07-Jul-2022,19.7,19.7,19.75,19.3,19.65,19.65,19.61,"5,96,846","1,17,05,968.10",614,"3,93,785",65.98,972,641
MOKSH,EQ,08-Jul-2022,19.65,19.5,19.95,18.9,19.8,19.9,19.71,"15,83,254","3,12,12,365.15",2013,"9,79,380",61.86,787,487
MOKSH,EQ,11-Jul-2022,19.9,20.05,20.05,19.05,19.8,19.9,19.84,"6,62,980","1,31,55,029.30",1490,"4,24,761",64.07,445,285
MOKSH,EQ,12-Jul-2022,19.9,19.6,20.45,19.6,20.15,20.1,20.2,"12,31,495","2,48,76,715.10",3282,"8,54,186",69.36,375,260
MOKSH,EQ,13-Jul-2022,20.1,20.15,20.5,19.1,19.1,19.4,19.35,"11,60,655","2,24,56,090.85",2172,"5,05,239",43.53,534,233
MOKSH,EQ,14-Jul-2022,19.4,19.4,19.55,18.45,18.45,18.45,18.88,"3,63,657","68,67,387.35",1054,"2,40,246",66.06,345,228
MOKSH,EQ,15-Jul-2022,18.45,18.55,19.35,17.75,19.35,19.3,19.02,"13,47,582","2,56,33,529.85",1838,"5,62,905",41.77,733,306
MOKSH,EQ,18-Jul-2022,19.3,19.65,19.85,18.85,19.4,19.6,19.4,"7,25,648","1,40,74,075.10",1573,"3,60,620",49.7,461,229
MOKSH,EQ,19-Jul-2022,19.6,19.5,19.65,18.65,18.65,18.65,18.96,"6,28,340","1,19,15,723.15",930,"4,71,919",75.11,676,507
MOKSH,EQ,20-Jul-2022,18.65,17.75,19.55,17.75,19.55,19.5,18.95,"26,72,580","5,06,44,493.85",2791,"14,78,926",55.34,958,530
MOKSH,EQ,21-Jul-2022,19.5,19.45,20.15,19,19.5,19.9,19.77,"14,31,033","2,82,86,231.75",1463,"7,67,401",53.63,978,525
MOKSH,EQ,22-Jul-2022,19.9,19.55,20.05,19.25,19.8,19.9,19.8,"8,87,179","1,75,64,616.50",1186,"6,92,871",78.1,748,584
MOKSH,EQ,25-Jul-2022,19.9,19.5,19.85,18.95,19.15,19.35,19.31,"8,11,422","1,56,67,628.65",1397,"5,26,584",64.9,581,377
MOKSH,EQ,26-Jul-2022,19.35,19.8,19.8,18.8,19.2,19.15,19.23,"5,74,610","1,10,49,436.15",977,"3,03,382",52.8,588,311
MOKSH,EQ,27-Jul-2022,19.15,19.3,19.3,18.2,18.2,18.2,18.31,"7,39,603","1,35,45,119.50",957,"6,68,900",90.44,773,699
MOKSH,EQ,28-Jul-2022,18.2,17.5,18.1,17.3,17.9,17.8,17.6,"14,56,586","2,56,36,144.80",2629,"7,22,784",49.62,554,275
MOKSH,EQ,29-Jul-2022,17.8,17.45,18.25,17.45,18.05,18,17.96,"6,72,133","1,20,68,741.00",978,"5,02,063",74.7,687,513
MOKSH,EQ,01-Aug-2022,18,18,18.9,18,18.1,18.35,18.45,"13,92,599","2,56,92,990.05",1228,"10,43,598",74.94,1134,850
MOKSH,EQ,02-Aug-2022,18.35,18.25,18.9,17.45,17.45,17.45,18.06,"18,60,346","3,35,92,513.15",1861,"13,08,882",70.36,1000,703
MOKSH,EQ,03-Aug-2022,17.45,16.9,17.65,16.6,16.6,16.6,16.92,"12,54,291","2,12,25,191.65",2208,"8,70,328",69.39,568,394
MOKSH,EQ,04-Aug-2022,16.6,16.6,16.6,15.8,15.8,15.8,15.89,"5,28,899","84,01,693.80",1234,"4,28,493",81.02,429,347
MOKSH,EQ,05-Aug-2022,15.8,15.3,16.2,14.55,15.75,15.85,15.5,"7,79,798","1,20,83,354.70",1912,"4,91,236",63,408,257
MOKSH,EQ,08-Aug-2022,15.85,15.95,16.4,15.2,15.35,15.5,15.77,"3,05,463","48,16,094.10",938,"2,44,600",80.08,326,261
MOKSH,EQ,10-Aug-2022,15.5,15.8,15.95,14.85,15.2,15.1,15.29,"3,14,580","48,10,988.95",1030,"2,35,489",74.86,305,229
MOKSH,EQ,11-Aug-2022,15.1,15.3,15.5,14.95,15.3,15.3,15.19,"2,85,302","43,34,991.10",755,"1,98,118",69.44,378,262
MOKSH,EQ,12-Aug-2022,15.3,15.25,15.45,15.1,15.4,15.35,15.3,"1,62,338","24,84,144.60",534,"1,12,973",69.59,304,212
MOKSH,EQ,16-Aug-2022,15.35,15.5,15.8,15.15,15.4,15.3,15.47,"1,93,016","29,85,002.90",702,"1,50,264",77.85,275,214
MOKSH,EQ,17-Aug-2022,15.3,15.6,15.6,15.2,15.2,15.25,15.26,"2,18,542","33,35,633.50",602,"1,88,205",86.12,363,313
MOKSH,EQ,18-Aug-2022,15.25,15.6,15.6,15.1,15.25,15.25,15.29,"1,43,574","21,94,598.00",502,"1,13,905",79.34,286,227
MOKSH,EQ,19-Aug-2022,15.25,15.3,15.3,14.5,14.9,14.8,14.94,"4,16,085","62,16,176.95",1306,"3,50,012",84.12,319,268
MOKSH,EQ,22-Aug-2022,14.8,14.8,14.9,14.45,14.85,14.75,14.67,"1,82,635","26,79,354.75",735,"1,34,415",73.6,248,183
MOKSH,EQ,23-Aug-2022,14.75,15,15,14.65,15,14.85,14.85,"1,33,045","19,75,759.40",514,99050,74.45,259,193
MOKSH,EQ,24-Aug-2022,14.85,15.45,15.45,14.8,15.05,15.05,15.06,"1,55,175","23,37,559.10",488,97818,63.04,318,200
MOKSH,EQ,25-Aug-2022,15.05,15.05,15.2,14.7,14.8,14.75,14.91,"2,69,281","40,14,528.50",728,"2,05,900",76.46,370,283
MOKSH,EQ,26-Aug-2022,14.75,14.75,15.05,14.5,14.6,14.6,14.65,"2,65,166","38,84,908.95",845,"1,96,097",73.95,314,232
MOKSH,EQ,29-Aug-2022,14.6,14.6,14.75,13.4,14.6,14.6,14.32,"1,91,055","27,35,928.80",646,"1,29,749",67.91,296,201
MOKSH,EQ,30-Aug-2022,14.6,14.7,15,14.5,14.55,14.55,14.68,"1,69,564","24,88,708.25",618,"1,37,392",81.03,274,222
MOKSH,EQ,01-Sep-2022,14.55,14.55,14.7,14,14.6,14.5,14.37,"2,11,084","30,32,799.15",736,"1,59,192",75.42,287,216
MOKSH,EQ,02-Sep-2022,14.5,14.45,14.75,14.15,14.5,14.3,14.41,"2,96,853","42,76,360.55",817,"2,08,851",70.36,363,256
MOKSH,EQ,05-Sep-2022,14.3,14.7,15.5,14.3,15.35,15.25,14.91,"3,15,173","47,00,676.25",971,"2,12,313",67.36,325,219
MOKSH,EQ,06-Sep-2022,15.25,15.3,15.75,14.9,15.15,15.1,15.32,"2,70,234","41,39,441.85",853,"2,02,631",74.98,317,238
MOKSH,EQ,07-Sep-2022,15.1,15.05,15.15,14.75,15,15,15.01,"1,00,857","15,14,333.80",416,91093,90.32,242,219
MOKSH,EQ,08-Sep-2022,15,15,15.25,14.95,15.05,15,15.06,"1,36,340","20,53,572.50",444,"1,10,629",81.14,307,249
MOKSH,EQ,09-Sep-2022,15,15.4,15.4,15,15.1,15.05,15.09,98186,"14,81,321.45",413,71824,73.15,238,174
MOKSH,EQ,12-Sep-2022,15.05,14.9,15.3,14.9,14.95,15,15.01,"1,61,929","24,29,763.15",459,"1,46,691",90.59,353,320
MOKSH,EQ,13-Sep-2022,15,15,15.2,14.9,15.2,15,14.97,"1,53,006","22,90,146.40",461,"1,43,061",93.5,332,310
MOKSH,EQ,14-Sep-2022,15,15.15,15.2,14.5,14.9,14.9,14.92,"1,83,001","27,29,908.70",584,"1,48,727",81.27,313,255
MOKSH,EQ,15-Sep-2022,14.9,15,15,14.75,14.85,14.9,14.91,"1,12,616","16,79,129.05",463,95777,85.05,243,207
MOKSH,EQ,16-Sep-2022,14.9,14.9,15,14.65,14.7,14.7,14.75,98836,"14,57,578.60",411,84494,85.49,240,206
MOKSH,EQ,19-Sep-2022,14.7,14.95,14.95,14.2,14.55,14.45,14.57,"1,35,578","19,74,748.15",527,"1,18,339",87.28,257,225
MOKSH,EQ,20-Sep-2022,14.45,14.75,14.75,14.3,14.75,14.6,14.58,56750,"8,27,315.35",322,40943,72.15,176,127
MOKSH,EQ,21-Sep-2022,14.6,14,14.7,14,14.6,14.5,14.43,93820,"13,53,603.55",381,71441,76.15,246,188
MOKSH,EQ,22-Sep-2022,14.5,14.15,14.6,14.15,14.5,14.4,14.36,"1,03,582","14,86,964.10",350,85837,82.87,296,245
MOKSH,EQ,23-Sep-2022,14.4,14.6,14.6,14.05,14.05,14.15,14.26,80433,"11,46,579.45",426,60004,74.6,189,141
MOKSH,EQ,26-Sep-2022,14.15,14.15,14.3,13.6,13.95,13.85,13.87,"1,13,441","15,73,662.65",647,95987,84.61,175,148
MOKSH,EQ,27-Sep-2022,13.85,13.8,15.2,13.8,14.75,14.7,14.91,"3,03,346","45,22,123.00",638,"1,86,735",61.56,475,293
MOKSH,EQ,28-Sep-2022,14.7,14.9,14.95,14.05,14.65,14.55,14.67,"1,02,299","15,00,435.00",337,75577,73.88,304,224
MOKSH,EQ,29-Sep-2022,14.55,14.55,14.85,14,14.15,14.25,14.34,"1,13,003","16,20,410.20",395,73489,65.03,286,186
MOKSH,EQ,30-Sep-2022,14.25,14.25,14.7,13.6,14.2,14.05,14.04,"1,39,843","19,63,551.80",518,97909,70.01,270,189
MOKSH,EQ,03-Oct-2022,14.05,14.6,14.6,14.2,14.45,14.3,14.37,38408,"5,52,086.10",307,27965,72.81,125,91
MOKSH,EQ,04-Oct-2022,14.3,14.6,14.6,14.1,14.25,14.3,14.24,56565,"8,05,745.65",291,47400,83.8,194,163
MOKSH,EQ,06-Oct-2022,14.3,14.05,14.75,14.05,14.65,14.6,14.54,95637,"13,90,622.35",375,68401,71.52,255,182
MOKSH,EQ,07-Oct-2022,14.6,14.9,14.9,14.1,14.4,14.35,14.32,"3,22,919","46,22,674.90",422,"2,78,339",86.19,765,660
MOKSH,EQ,10-Oct-2022,14.35,14.8,15,14.45,15,14.95,14.87,"5,59,179","83,13,876.40",505,"4,88,701",87.4,1107,968
MOKSH,EQ,11-Oct-2022,14.95,15.15,15.15,14.4,14.4,14.55,14.71,76379,"11,23,340.55",295,60337,79,259,205
MOKSH,EQ,12-Oct-2022,14.55,14.55,14.6,14.3,14.3,14.45,14.4,63997,"9,21,744.05",243,50394,78.74,263,207
MOKSH,EQ,13-Oct-2022,14.45,14.2,14.5,13.8,14.05,14.05,14.17,"1,28,242","18,16,749.35",366,97456,75.99,350,266
MOKSH,EQ,14-Oct-2022,14.05,13.95,14.45,13.95,14.05,14.05,14.09,48916,"6,89,367.15",247,36587,74.8,198,148
MOKSH,EQ,17-Oct-2022,14.05,14.05,14.35,14,14.1,14.05,14.07,45499,"6,40,082.25",211,38486,84.59,216,182
MOKSH,EQ,18-Oct-2022,14.05,14,14.15,13.8,14,13.95,13.96,"1,26,563","17,66,224.25",355,"1,11,190",87.85,357,313
MOKSH,EQ,19-Oct-2022,13.95,13.95,15,13.9,14.2,14.2,14.46,"1,36,581","19,75,527.05",328,83193,60.91,416,254
MOKSH,EQ,20-Oct-2022,14.2,14.35,14.35,13.95,14.1,14.05,14.05,59138,"8,30,751.40",207,50575,85.52,286,244
MOKSH,EQ,21-Oct-2022,14.05,14.25,14.25,13.9,14,14,14.02,44454,"6,23,363.80",233,34099,76.71,191,146
MOKSH,EQ,24-Oct-2022,14,14.45,14.45,14.05,14.1,14.15,14.19,17724,"2,51,442.35",201,12002,67.72,88,60
MOKSH,EQ,25-Oct-2022,14.15,14.15,14.9,14.15,14.35,14.3,14.33,"1,01,745","14,57,706.95",319,64600,63.49,319,203
MOKSH,EQ,27-Oct-2022,14.3,14.5,14.5,14.1,14.1,14.1,14.15,58920,"8,33,736.20",316,45686,77.54,186,145
MOKSH,EQ,28-Oct-2022,14.1,14.05,14.3,13.9,14,13.95,13.98,80983,"11,31,780.70",357,62670,77.39,227,176
MOKSH,EQ,31-Oct-2022,13.95,13.95,14.2,13.9,14,13.95,13.97,72668,"10,14,985.15",252,58924,81.09,288,234
MOKSH,EQ,01-Nov-2022,13.95,14.15,14.4,13.9,13.9,13.95,14.05,73309,"10,30,163.20",269,57993,79.11,273,216
MOKSH,EQ,02-Nov-2022,13.95,14.25,14.25,13.9,14,13.95,13.95,88569,"12,35,718.20",318,75787,85.57,279,238
MOKSH,EQ,03-Nov-2022,13.95,14.15,14.15,13.85,13.9,13.95,13.94,45639,"6,36,403.65",214,40410,88.54,213,189
MOKSH,EQ,04-Nov-2022,13.95,13.75,14.1,13.75,13.8,13.85,13.89,64236,"8,92,218.10",303,57478,89.48,212,190
MOKSH,EQ,07-Nov-2022,13.85,13.85,14.2,13.5,13.7,13.65,13.71,"1,94,658","26,69,042.45",572,"1,41,584",72.73,340,248
MOKSH,EQ,09-Nov-2022,13.65,12.2,13.75,12.2,13.7,13.5,13.04,"2,41,482","31,49,784.10",796,"1,36,996",56.73,303,172
MOKSH,EQ,10-Nov-2022,13.5,13.5,13.8,12.55,13.5,13.45,13.33,83501,"11,13,118.50",342,61156,73.24,244,179
MOKSH,EQ,11-Nov-2022,13.45,14,14,12.95,13.15,13.25,13.32,"2,24,268","29,88,251.45",607,"1,75,066",78.06,369,288
MOKSH,EQ,14-Nov-2022,13.25,13.4,13.7,13.1,13.3,13.2,13.28,61415,"8,15,528.65",329,44058,71.74,187,134
MOKSH,EQ,15-Nov-2022,13.2,13.2,13.45,13,13.15,13.2,13.18,79142,"10,43,146.45",329,59965,75.77,241,182
MOKSH,EQ,16-Nov-2022,13.2,13.2,13.4,12.75,13,12.95,12.97,"1,79,979","23,33,977.90",561,"1,39,749",77.65,321,249
MOKSH,EQ,17-Nov-2022,12.95,13.25,13.25,12.8,12.95,12.9,12.87,"1,00,106","12,87,944.85",415,74796,74.72,241,180
MOKSH,EQ,18-Nov-2022,12.9,13.15,13.15,11.8,12,12.15,12.3,"4,56,464","56,15,333.00",1077,"4,21,488",92.34,424,391
MOKSH,EQ,21-Nov-2022,12.15,12.3,12.3,11.75,11.95,11.9,11.92,"1,77,949","21,21,286.05",721,"1,55,518",87.39,247,216
MOKSH,EQ,22-Nov-2022,11.9,11.8,12,10.45,10.8,10.8,10.93,"9,27,504","1,01,40,314.45",2236,"6,89,498",74.34,415,308
MOKSH,EQ,23-Nov-2022,10.8,11.1,11.4,10.35,10.6,10.45,10.57,"5,75,259","60,79,328.60",1480,"3,67,044",63.8,389,248
MOKSH,EQ,24-Nov-2022,10.45,10.4,10.7,10.4,10.65,10.6,10.6,"1,87,731","19,90,486.80",624,"1,45,474",77.49,301,233
MOKSH,EQ,25-Nov-2022,10.6,10.7,11.5,10.5,11,11,11.02,"5,47,658","60,33,923.55",951,"2,82,418",51.57,576,297
MOKSH,EQ,28-Nov-2022,11,11.25,11.25,11,11.15,11.1,11.1,"1,71,080","18,98,359.30",455,"1,44,097",84.23,376,317
MOKSH,EQ,29-Nov-2022,11.1,11.35,11.35,11.1,11.25,11.2,11.22,"3,17,233","35,57,924.45",1109,"2,55,000",80.38,286,230
MOKSH,EQ,30-Nov-2022,11.2,11.35,11.45,11.15,11.45,11.45,11.34,"2,21,546","25,11,873.50",931,"1,81,721",82.02,238,195
MOKSH,EQ,01-Dec-2022,11.45,11.75,12.6,11.6,12.4,12.35,12.11,"6,10,400","73,90,458.90",1458,"3,76,313",61.65,419,258
MOKSH,EQ,02-Dec-2022,12.35,12.65,14.15,12.65,14,13.9,13.72,"17,08,108","2,34,37,566.25",3406,"7,95,183",46.55,501,233
MOKSH,EQ,05-Dec-2022,13.9,14.1,15.1,14.05,14.55,14.6,14.71,"10,33,951","1,52,05,251.90",2938,"6,72,909",65.08,352,229
MOKSH,EQ,06-Dec-2022,14.6,14.95,15,13.45,13.75,13.75,13.94,"5,45,219","76,01,715.30",1939,"4,14,604",76.04,281,214
MOKSH,EQ,07-Dec-2022,13.75,14,14,12.05,13.05,12.95,12.95,"6,23,860","80,79,848.35",2117,"4,15,384",66.58,295,196
MOKSH,EQ,08-Dec-2022,12.95,13.25,13.4,12.25,13.1,13.1,13.02,"1,69,943","22,11,881.90",787,"1,11,209",65.44,216,141
MOKSH,EQ,09-Dec-2022,13.1,13.4,13.4,12.5,13,12.95,12.99,"1,50,505","19,55,385.50",628,"1,10,841",73.65,240,176
MOKSH,EQ,12-Dec-2022,12.95,12.6,13.45,12.5,12.7,12.7,12.69,"2,03,621","25,84,823.70",929,"1,52,346",74.82,219,164
MOKSH,EQ,13-Dec-2022,12.7,12.95,12.95,12.5,12.55,12.6,12.62,"2,12,500","26,82,610.45",726,"1,76,795",83.2,293,244
MOKSH,EQ,14-Dec-2022,12.6,12.35,12.9,12.35,12.65,12.55,12.61,"1,35,842","17,13,086.05",728,96459,71.01,187,132
MOKSH,EQ,15-Dec-2022,12.55,12.85,12.85,12.55,12.75,12.65,12.65,"1,98,899","25,16,056.35",557,"1,29,398",65.06,357,232
MOKSH,EQ,16-Dec-2022,12.65,12.7,13.35,12.5,12.8,12.85,12.81,"2,76,734","35,44,828.40",722,"1,80,756",65.32,383,250
MOKSH,EQ,19-Dec-2022,12.85,12.95,13.15,12.5,12.9,12.85,12.86,"1,36,424","17,54,294.00",484,93443,68.49,282,193
MOKSH,EQ,20-Dec-2022,12.85,13,13,12.5,12.7,12.65,12.65,57589,"7,28,778.75",388,40189,69.79,148,104
MOKSH,EQ,21-Dec-2022,12.65,12.7,12.9,11.8,12.15,12.1,12.21,"3,28,871","40,14,144.55",1143,"2,45,126",74.54,288,214
MOKSH,EQ,22-Dec-2022,12.1,12.4,12.4,11.55,11.65,11.7,11.75,"1,89,795","22,29,396.80",840,"1,15,488",60.85,226,137
MOKSH,EQ,23-Dec-2022,11.7,11.7,11.95,11,11.15,11.15,11.16,"1,88,909","21,07,367.95",911,"1,43,359",75.89,207,157
MOKSH,EQ,26-Dec-2022,11.15,11.1,11.75,11,11.75,11.65,11.53,94877,"10,93,794.50",560,61407,64.72,169,110
MOKSH,EQ,27-Dec-2022,11.65,11.75,12.15,11.55,12.05,11.95,11.89,"1,03,172","12,26,480.70",396,75589,73.27,261,191
MOKSH,EQ,28-Dec-2022,11.95,12.4,12.4,11.7,11.9,11.9,11.98,81490,"9,76,399.20",306,63482,77.9,266,207
MOKSH,EQ,29-Dec-2022,11.9,12.3,12.3,11.75,11.8,11.8,11.84,"1,00,904","11,94,393.95",347,82533,81.79,291,238
MOKSH,EQ,30-Dec-2022,11.8,12.1,12.1,11.75,11.9,11.9,11.89,95432,"11,34,260.45",310,73905,77.44,308,238
MOKSH,EQ,02-Jan-2023,11.9,12,14.25,11.7,12.8,12.85,13.25,"12,51,217","1,65,72,432.45",1522,"3,63,425",29.05,822,239
MOKSH,EQ,03-Jan-2023,12.85,12.85,12.9,12.05,12.55,12.5,12.54,"1,80,195","22,60,515.35",715,"1,23,805",68.71,252,173
MOKSH,EQ,04-Jan-2023,12.5,12.5,12.65,12.3,12.35,12.35,12.48,85728,"10,70,003.20",363,60614,70.71,236,167
MOKSH,EQ,05-Jan-2023,12.35,12.35,12.6,12,12.3,12.25,12.2,"1,03,467","12,62,137.15",441,80835,78.13,235,183
MOKSH,EQ,06-Jan-2023,12.25,12.25,12.45,12.1,12.1,12.15,12.19,43575,"5,31,222.15",279,38415,88.16,156,138
MOKSH,EQ,09-Jan-2023,12.15,12.1,12.9,12,12.1,12.05,12.23,"1,19,246","14,58,044.10",454,87077,73.02,263,192
MOKSH,EQ,10-Jan-2023,12.05,12.5,12.8,11.8,12,11.95,12.1,"1,82,873","22,13,199.00",560,"1,26,321",69.08,327,226
MOKSH,EQ,11-Jan-2023,11.95,12.3,12.3,11.65,12,11.95,11.91,79064,"9,41,842.70",309,57682,72.96,256,187
MOKSH,EQ,12-Jan-2023,11.95,12.2,12.2,11.8,12,12,11.96,49993,"5,97,751.80",253,30876,61.76,198,122
MOKSH,EQ,13-Jan-2023,12,12.25,12.25,10.5,11.9,11.8,11.68,"1,55,644","18,17,924.70",557,98115,63.04,279,176
MOKSH,EQ,16-Jan-2023,11.8,11.6,12.1,11.6,11.9,11.9,11.89,81469,"9,69,030.30",226,68291,83.82,360,302
MOKSH,EQ,17-Jan-2023,11.9,12.15,12.15,11.85,11.9,11.85,11.91,69428,"8,27,047.40",198,56796,81.81,351,287
MOKSH,EQ,18-Jan-2023,11.85,12.05,12.05,11.5,11.85,11.85,11.81,46006,"5,43,494.20",256,25129,54.62,180,98
MOKSH,EQ,19-Jan-2023,11.85,12.05,12.05,11.5,11.7,11.65,11.7,64535,"7,54,760.20",279,46235,71.64,231,166
MOKSH,EQ,20-Jan-2023,11.65,11.5,11.95,11.5,11.7,11.75,11.73,39149,"4,59,412.55",174,30425,77.72,225,175
MOKSH,EQ,23-Jan-2023,11.75,11.95,11.95,11.65,11.65,11.7,11.7,34696,"4,05,996.10",241,24581,70.85,144,102
MOKSH,EQ,24-Jan-2023,11.7,11.65,11.85,11.55,11.6,11.6,11.64,58866,"6,85,360.50",274,46464,78.93,215,170
MOKSH,EQ,25-Jan-2023,11.6,11.8,11.8,11.35,11.55,11.45,11.49,73305,"8,42,192.90",390,62364,85.07,188,160
MOKSH,EQ,27-Jan-2023,11.45,11.55,11.55,11.1,11.2,11.2,11.24,68432,"7,69,321.75",349,56765,82.95,196,163
MOKSH,EQ,30-Jan-2023,11.2,11.2,12.55,11,11.3,11.15,11.42,"2,11,423","24,15,490.70",802,"1,18,989",56.28,264,148
MOKSH,EQ,31-Jan-2023,11.15,11.15,11.45,11.15,11.4,11.3,11.33,55712,"6,31,188.90",231,41337,74.2,241,179
MOKSH,EQ,01-Feb-2023,11.3,11.3,12,11.1,11.35,11.4,11.27,"1,44,717","16,31,496.20",438,"1,06,348",73.49,330,243
MOKSH,EQ,02-Feb-2023,11.4,11.2,11.7,11.05,11.1,11.1,11.16,92600,"10,33,782.15",340,70703,76.35,272,208
MOKSH,EQ,03-Feb-2023,11.1,11.4,11.4,10.85,11.05,11,11.04,"1,06,668","11,77,153.20",382,73539,68.94,279,193
MOKSH,EQ,06-Feb-2023,11,10.55,11.35,10.55,11.05,11,10.94,67089,"7,34,042.60",347,56697,84.51,193,163
MOKSH,EQ,07-Feb-2023,11,11,11.3,10.85,11.05,10.95,10.99,56266,"6,18,250.30",318,48759,86.66,177,153
MOKSH,EQ,08-Feb-2023,10.95,11.15,11.25,10.85,10.9,11.05,11.03,"1,05,122","11,59,305.10",314,88520,84.21,335,282
MOKSH,EQ,09-Feb-2023,11.05,11.05,11.05,10.8,10.9,10.9,10.91,84097,"9,17,753.10",323,52925,62.93,260,164
MOKSH,EQ,10-Feb-2023,10.9,10.8,11,10.6,10.7,10.7,10.76,"1,09,644","11,79,785.75",321,"1,06,118",96.78,342,331
MOKSH,EQ,13-Feb-2023,10.7,10.6,10.95,10.15,10.3,10.45,10.54,"1,41,285","14,88,992.20",482,"1,16,933",82.76,293,243
MOKSH,EQ,14-Feb-2023,10.45,10.6,10.65,9.95,10.2,10.15,10.15,"2,82,207","28,64,207.80",748,"2,45,946",87.15,377,329
MOKSH,EQ,15-Feb-2023,10.15,10.2,10.3,10,10.3,10.3,10.19,40485,"4,12,425.10",283,28286,69.87,143,100
MOKSH,EQ,16-Feb-2023,10.3,10.55,10.55,10.1,10.4,10.25,10.33,32316,"3,33,829.65",214,25978,80.39,151,121
MOKSH,EQ,17-Feb-2023,10.25,10.25,10.4,10.1,10.2,10.25,10.25,64853,"6,64,667.75",242,41211,63.55,268,170
MOKSH,EQ,20-Feb-2023,10.25,10.25,10.3,10,10.2,10.05,10.16,54992,"5,58,862.90",304,51681,93.98,181,170
MOKSH,EQ,21-Feb-2023,10.05,10.25,10.25,10,10.1,10.05,10.07,51695,"5,20,439.20",253,49716,96.17,204,197
MOKSH,EQ,22-Feb-2023,10.05,10,10.05,9.7,9.85,9.8,9.84,"1,34,767","13,26,006.65",505,"1,12,134",83.21,267,222
MOKSH,EQ,23-Feb-2023,9.8,9.75,10.05,9.7,9.75,9.8,9.83,78479,"7,71,142.30",371,59126,75.34,212,159
MOKSH,EQ,24-Feb-2023,9.8,10,10,9.7,9.75,9.8,9.83,29963,"2,94,620.70",263,21298,71.08,114,81
MOKSH,EQ,27-Feb-2023,9.8,9.9,9.9,9.05,9.7,9.65,9.61,60244,"5,78,725.10",429,49356,81.93,140,115
MOKSH,EQ,28-Feb-2023,9.65,9.75,11.35,9.7,10.65,10.6,10.73,"5,64,986","60,63,544.40",1612,"2,09,307",37.05,350,130
MOKSH,EQ,01-Mar-2023,10.6,10.85,10.95,10.5,10.7,10.7,10.75,"1,25,362","13,47,779.35",899,80160,63.94,139,89
MOKSH,EQ,02-Mar-2023,10.7,10.75,11,9.8,10.1,10.3,10.4,54726,"5,69,270.65",439,34560,63.15,125,79
MOKSH,EQ,03-Mar-2023,10.3,10.55,10.55,10.15,10.25,10.3,10.35,71645,"7,41,248.40",385,48225,67.31,186,125
MOKSH,EQ,06-Mar-2023,10.3,10.7,10.7,10.3,10.4,10.35,10.43,57854,"6,03,639.60",290,38460,66.48,199,133
MOKSH,EQ,08-Mar-2023,10.35,10.15,10.55,10.15,10.3,10.35,10.37,55855,"5,79,389.35",259,42830,76.68,216,165
MOKSH,EQ,09-Mar-2023,10.35,10.3,10.55,10.2,10.3,10.3,10.33,48394,"4,99,961.85",250,39145,80.89,194,157
MOKSH,EQ,10-Mar-2023,10.3,10.05,10.55,9.55,10.35,10.15,10.15,"1,01,467","10,29,403.15",404,53514,52.74,251,132
MOKSH,EQ,13-Mar-2023,10.15,10.35,10.45,9.85,9.95,9.95,10,74550,"7,45,671.85",344,63884,85.69,217,186
MOKSH,EQ,14-Mar-2023,9.95,10.15,10.15,9.25,9.85,9.8,9.69,"1,34,022","12,99,051.65",482,"1,13,695",84.83,278,236
MOKSH,EQ,15-Mar-2023,9.8,9.9,10,9.5,9.5,9.7,9.74,"1,16,066","11,30,430.85",435,82998,71.51,267,191
MOKSH,EQ,16-Mar-2023,9.7,9.85,9.85,9.55,9.6,9.7,9.68,65221,"6,31,445.60",320,42819,65.65,204,134
MOKSH,EQ,17-Mar-2023,9.7,9.9,9.9,9.55,9.6,9.65,9.66,58291,"5,63,108.30",327,44314,76.02,178,136
MOKSH,EQ,20-Mar-2023,9.65,9.85,9.95,9.55,9.65,9.55,9.64,93274,"8,99,514.45",333,67870,72.76,280,204
MOKSH,EQ,21-Mar-2023,9.55,9.35,9.8,9.3,9.8,9.75,9.64,76789,"7,40,229.30",269,43872,57.13,285,163
MOKSH,EQ,22-Mar-2023,9.75,9.95,9.95,9.65,9.9,9.85,9.86,68339,"6,74,123.40",251,40545,59.33,272,162
MOKSH,EQ,23-Mar-2023,9.85,9.85,9.85,9.3,9.55,9.55,9.62,"1,67,989","16,16,427.85",319,"1,38,218",82.28,527,433
MOKSH,EQ,24-Mar-2023,9.55,9.5,9.65,9.4,9.4,9.45,9.52,37473,"3,56,784.60",218,30071,80.25,172,138
MOKSH,EQ,27-Mar-2023,9.45,9.65,9.75,9.25,9.3,9.35,9.34,63113,"5,89,630.80",233,58425,92.57,271,251
MOKSH,EQ,28-Mar-2023,9.35,9.3,9.35,8.55,9.2,9,9.02,74962,"6,76,083.80",442,54101,72.17,170,122
MOKSH,EQ,29-Mar-2023,9,9,9.2,8.55,8.95,8.85,8.82,78790,"6,94,721.50",398,56300,71.46,198,141
MOKSH,EQ,31-Mar-2023,8.85,8.85,9.25,8.6,9,8.9,8.92,"1,12,107","10,00,547.80",385,81055,72.3,291,211
MOKSH,EQ,03-Apr-2023,8.9,9.35,9.35,8.95,9.3,9.25,9.19,74033,"6,80,473.45",288,37625,50.82,257,131
MOKSH,EQ,05-Apr-2023,9.25,9.35,9.6,9,9.6,9.55,9.43,67452,"6,36,379.40",301,46178,68.46,224,153
MOKSH,EQ,06-Apr-2023,9.55,9.6,11,9.25,10.05,10.05,10.1,"1,55,687","15,72,836.20",481,97404,62.56,324,203
MOKSH,EQ,10-Apr-2023,10.05,10.25,10.35,8.85,9.75,9.7,9.63,"1,02,439","9,86,091.95",484,53819,52.54,212,111
MOKSH,EQ,11-Apr-2023,9.7,9.85,10.1,9.6,10.1,10,9.91,"1,12,467","11,14,251.05",344,74153,65.93,327,216
MOKSH,EQ,12-Apr-2023,10,9.8,10.45,9.6,10.1,10.05,10,63614,"6,36,265.90",279,34962,54.96,228,125
MOKSH,EQ,13-Apr-2023,10.05,10.05,10.15,9.9,10.1,10.05,10.04,24492,"2,45,974.10",173,16507,67.4,142,95
MOKSH,EQ,17-Apr-2023,10.05,9.75,10,9.55,9.9,9.8,9.82,77468,"7,61,053.60",319,42462,54.81,243,133
MOKSH,EQ,18-Apr-2023,9.8,9.9,10,9.7,9.8,9.8,9.83,48348,"4,75,465.75",166,25727,53.21,291,155
MOKSH,EQ,19-Apr-2023,9.8,9.7,10.8,9.7,10.2,10.15,10.19,"1,12,956","11,50,787.70",324,69654,61.66,349,215
MOKSH,EQ,20-Apr-2023,10.15,10.25,10.25,9.9,10.15,10,10.08,70902,"7,14,782.25",267,40278,56.81,266,151
MOKSH,EQ,21-Apr-2023,10,10.2,10.2,9.9,10.1,10.05,10.08,44096,"4,44,411.70",196,31904,72.35,225,163
MOKSH,EQ,24-Apr-2023,10.05,10.65,10.65,9.85,10.05,10.05,10.04,"1,57,411","15,79,889.25",511,89552,56.89,308,175
MOKSH,EQ,25-Apr-2023,10.05,10.4,10.4,10,10.1,10.1,10.09,65971,"6,65,561.65",200,46216,70.06,330,231
MOKSH,EQ,26-Apr-2023,10.1,10.1,10.2,9.6,9.9,9.9,9.94,60606,"6,02,166.05",276,33502,55.28,220,121
MOKSH,EQ,27-Apr-2023,9.9,10.2,10.2,9.85,9.95,9.9,9.92,83931,"8,32,283.55",262,61772,73.6,320,236
MOKSH,EQ,28-Apr-2023,9.9,10,10.35,9.85,10,10,9.98,58096,"5,79,609.05",224,39649,68.25,259,177
MOKSH,EQ,02-May-2023,10,10,10.2,9.7,9.9,9.85,9.91,"1,32,159","13,10,311.55",378,77316,58.5,350,205
MOKSH,EQ,03-May-2023,9.85,10,10,9.75,9.75,9.8,9.84,"1,59,626","15,70,780.75",335,"1,27,486",79.87,476,381
MOKSH,EQ,04-May-2023,9.8,9.8,11.35,9.7,10.5,10.65,10.56,"12,52,528","1,32,32,724.50",1952,"5,78,990",46.23,642,297
MOKSH,EQ,05-May-2023,10.65,10.7,10.95,10.4,10.7,10.65,10.71,"1,30,463","13,96,825.25",390,"1,00,174",76.78,335,257
MOKSH,EQ,08-May-2023,10.65,10.9,11,10.45,10.55,10.65,10.71,69927,"7,49,110.15",372,51012,72.95,188,137
MOKSH,EQ,09-May-2023,10.65,10.5,10.8,10.5,10.65,10.6,10.61,57790,"6,13,031.75",233,41125,71.16,248,177
MOKSH,EQ,10-May-2023,10.6,10.45,10.85,10.45,10.5,10.55,10.58,82762,"8,75,893.10",252,44838,54.18,328,178
MOKSH,EQ,11-May-2023,10.55,10.65,10.65,10.4,10.4,10.45,10.5,59340,"6,22,853.80",268,46863,78.97,221,175
MOKSH,EQ,12-May-2023,10.45,10.35,10.6,10.15,10.45,10.35,10.32,"1,09,338","11,28,511.60",350,81574,74.61,312,233
MOKSH,EQ,15-May-2023,10.35,10.6,10.6,10.05,10.15,10.1,10.14,"1,56,873","15,90,085.05",427,99340,63.33,367,233
MOKSH,EQ,16-May-2023,10.1,10.2,10.3,10.05,10.1,10.15,10.18,71529,"7,27,930.85",327,41943,58.64,219,128
MOKSH,EQ,17-May-2023,10.15,10.25,10.4,10.05,10.3,10.25,10.26,38763,"3,97,629.65",284,28536,73.62,136,100
MOKSH,EQ,18-May-2023,10.25,10.4,10.4,9.8,10.05,10,10.12,"1,14,779","11,61,617.75",363,78611,68.49,316,217
MOKSH,EQ,19-May-2023,10,10.2,10.45,9.9,10.3,10.25,10.3,"1,14,324","11,77,842.65",394,82220,71.92,290,209
MOKSH,EQ,22-May-2023,10.25,10.45,10.45,10.15,10.45,10.4,10.33,"1,00,180","10,34,903.40",440,69122,69,228,157
MOKSH,EQ,23-May-2023,10.4,10.45,10.5,10.05,10.25,10.1,10.18,96060,"9,77,603.65",371,78407,81.62,259,211
MOKSH,EQ,24-May-2023,10.1,10.1,10.3,10.1,10.1,10.25,10.21,73362,"7,48,723.30",311,48626,66.28,236,156
MOKSH,EQ,25-May-2023,10.25,10.15,10.25,10.1,10.15,10.2,10.18,48123,"4,89,679.00",181,30716,63.83,266,170
MOKSH,EQ,26-May-2023,10.2,10.25,10.3,10.15,10.3,10.2,10.2,37473,"3,82,063.60",188,26345,70.3,199,140
MOKSH,EQ,29-May-2023,10.2,10.15,10.35,10.1,10.25,10.15,10.2,57264,"5,84,013.65",259,40159,70.13,221,155
MOKSH,EQ,30-May-2023,10.15,10.15,10.25,10,10.2,10.1,10.1,52483,"5,30,123.35",272,45786,87.24,193,168
MOKSH,EQ,31-May-2023,10.1,10.2,10.2,10.05,10.2,10.15,10.14,36046,"3,65,440.35",175,34072,94.52,206,195
MOKSH,EQ,01-Jun-2023,10.15,10.2,10.2,10.05,10.1,10.1,10.11,52361,"5,29,611.30",306,38350,73.24,171,125
MOKSH,EQ,02-Jun-2023,10.1,10.25,10.25,10.1,10.2,10.15,10.16,48464,"4,92,622.60",248,29984,61.87,195,121
MOKSH,EQ,05-Jun-2023,10.15,10.25,10.25,10.1,10.2,10.2,10.18,72465,"7,37,565.25",238,52148,71.96,304,219
MOKSH,EQ,06-Jun-2023,10.2,10.25,10.25,10.1,10.15,10.1,10.14,49009,"4,97,195.75",235,45895,93.65,209,195
MOKSH,EQ,07-Jun-2023,10.1,10.2,10.25,10,10.15,10.2,10.16,"1,15,622","11,75,028.15",354,77942,67.41,327,220
MOKSH,EQ,08-Jun-2023,10.2,10.1,10.35,10.1,10.2,10.15,10.21,"1,40,589","14,35,154.20",361,"1,06,495",75.75,389,295
MOKSH,EQ,09-Jun-2023,10.15,10.25,11.35,10.15,11,11,10.89,"10,17,382","1,10,82,972.65",1704,"6,22,988",61.23,597,366
MOKSH,EQ,12-Jun-2023,11,11.4,11.7,11.1,11.2,11.2,11.39,"4,02,348","45,81,262.15",960,"3,04,129",75.59,419,317
MOKSH,EQ,13-Jun-2023,11.2,11.1,11.4,10.65,10.9,10.95,11.07,"2,09,360","23,17,354.70",640,"1,55,380",74.22,327,243
MOKSH,EQ,14-Jun-2023,10.95,10.9,11.25,10.9,11.05,11.15,11.11,"1,59,219","17,69,114.85",445,"1,14,799",72.1,358,258
MOKSH,EQ,15-Jun-2023,11.15,11.2,11.35,10.8,11.1,10.85,10.99,"1,80,334","19,82,620.85",504,"1,31,334",72.83,358,261
MOKSH,EQ,16-Jun-2023,10.85,11.05,11.25,11,11.1,11.05,11.11,"1,14,128","12,67,773.95",390,77332,67.76,293,198
MOKSH,EQ,19-Jun-2023,11.05,11.2,11.35,10.85,11.15,11.1,11.1,"1,88,326","20,89,707.85",530,"1,23,406",65.53,355,233
MOKSH,EQ,20-Jun-2023,11.1,11.2,11.2,10.95,11.05,11,11.05,68383,"7,55,367.70",283,50073,73.22,242,177
MOKSH,EQ,21-Jun-2023,11,10.9,11.15,10.9,11,10.95,11.03,80449,"8,86,971.05",335,58793,73.08,240,176
MOKSH,EQ,22-Jun-2023,10.95,11.05,11.05,10.85,10.95,10.9,10.93,76659,"8,37,929.50",320,64310,83.89,240,201
MOKSH,EQ,23-Jun-2023,10.9,10.9,11,10.7,10.95,10.85,10.89,64750,"7,05,149.00",230,50830,78.5,282,221
MOKSH,EQ,26-Jun-2023,10.85,10.8,10.85,10.7,10.75,10.75,10.74,57896,"6,21,685.10",254,46784,80.81,228,184
MOKSH,EQ,27-Jun-2023,10.75,10.95,10.95,10.5,10.8,10.75,10.76,"1,03,694","11,15,273.30",296,66573,64.2,350,225
MOKSH,EQ,28-Jun-2023,10.75,11,11,10.7,10.85,10.85,10.85,86909,"9,42,806.15",277,69930,80.46,314,252
MOKSH,EQ,30-Jun-2023,10.85,10.9,11.25,10.9,11.1,11.05,11.05,"1,70,131","18,79,456.80",635,"1,16,165",68.28,268,183
MOKSH,EQ,03-Jul-2023,11.05,11.25,11.25,10.95,11.1,11.1,11.13,"2,26,668","25,22,670.90",544,"1,64,100",72.4,417,302
MOKSH,EQ,04-Jul-2023,11.1,11.25,11.25,10.9,11.1,11,11.06,80361,"8,88,808.25",326,56378,70.16,247,173
MOKSH,EQ,05-Jul-2023,11,10.95,11.15,10.9,11,10.95,10.99,59467,"6,53,830.45",269,43296,72.81,221,161
MOKSH,EQ,06-Jul-2023,10.95,11.1,11.15,10.95,11.1,11.05,11.06,"1,16,870","12,92,798.35",537,81326,69.59,218,151
MOKSH,EQ,07-Jul-2023,11.05,11.1,11.2,10.95,10.95,11,11.07,"1,31,625","14,56,549.15",613,"1,09,032",82.84,215,178
MOKSH,EQ,10-Jul-2023,11,11.1,11.1,10.65,10.85,10.75,10.88,"1,54,654","16,83,153.95",691,98052,63.4,224,142
MOKSH,EQ,11-Jul-2023,10.75,10.85,11.2,10.85,11.2,11.15,11.08,"1,65,837","18,36,931.40",484,"1,11,161",67.03,343,230
MOKSH,EQ,12-Jul-2023,11.15,11.25,11.25,11,11.15,11.1,11.08,"1,18,756","13,15,699.65",443,87308,73.52,268,197
MOKSH,EQ,13-Jul-2023,11.1,11.15,11.2,11,11,11.05,11.06,59602,"6,58,953.25",362,51279,86.04,165,142
MOKSH,EQ,14-Jul-2023,11.05,11.15,11.15,11,11.1,11.05,11.06,61884,"6,84,742.55",347,45685,73.82,178,132
MOKSH,EQ,17-Jul-2023,11.05,11.15,11.15,10.9,11.05,11.05,11.05,"1,67,495","18,51,186.95",627,98467,58.79,267,157
MOKSH,EQ,18-Jul-2023,11.05,11.15,11.15,10.6,11,10.95,10.92,83993,"9,16,917.85",400,56360,67.1,210,141
MOKSH,EQ,19-Jul-2023,10.95,11.05,11.05,10.6,10.75,10.75,10.82,"1,55,869","16,86,797.15",565,"1,22,205",78.4,276,216
MOKSH,EQ,20-Jul-2023,10.75,11,11.15,10.8,11,11.1,11.06,"1,80,187","19,92,114.95",574,"1,54,635",85.82,314,269
MOKSH,EQ,21-Jul-2023,11.1,11.05,11.15,11,11.15,11.1,11.11,"1,43,126","15,90,328.35",503,"1,02,011",71.27,285,203
MOKSH,EQ,24-Jul-2023,11.1,11.15,11.2,11.1,11.2,11.15,11.16,"1,39,312","15,55,133.90",522,"1,14,102",81.9,267,219
MOKSH,EQ,25-Jul-2023,11.15,11.2,12,11.2,11.9,11.75,11.68,"5,14,664","60,13,424.60",1307,"3,57,385",69.44,394,273
MOKSH,EQ,26-Jul-2023,11.75,11.8,12.15,11.75,12.15,12.1,12,"3,75,849","45,08,906.55",1107,"2,81,169",74.81,340,254
MOKSH,EQ,27-Jul-2023,12.1,12.35,14.25,12.1,14.15,14.1,13.62,"26,44,525","3,60,07,384.40",5656,"16,74,885",63.33,468,296
MOKSH,EQ,28-Jul-2023,14.1,14.1,15.25,13.6,13.9,13.8,14.53,"19,31,494","2,80,55,724.80",5036,"10,76,582",55.74,384,214
MOKSH,EQ,31-Jul-2023,13.8,14.2,14.45,12.25,13.15,12.9,13.3,"8,81,743","1,17,30,850.50",2500,"5,52,821",62.7,353,221
MOKSH,EQ,01-Aug-2023,12.9,13.25,13.4,13,13.4,13.3,13.25,"2,81,154","37,26,142.75",1065,"2,07,666",73.86,264,195
MOKSH,EQ,02-Aug-2023,13.3,13.35,13.35,12.2,12.9,12.8,12.86,"4,11,291","52,87,850.40",1452,"2,44,581",59.47,283,168
MOKSH,EQ,03-Aug-2023,12.8,12.8,13,12.25,12.3,12.25,12.46,"2,87,482","35,80,821.85",1058,"2,14,003",74.44,272,202
MOKSH,EQ,04-Aug-2023,12.25,12.45,13.1,12.45,13.1,12.95,12.84,"2,40,655","30,90,996.50",883,"1,94,389",80.77,273,220
MOKSH,EQ,07-Aug-2023,12.95,13.25,14,13.2,13.7,13.8,13.69,"5,08,709","69,65,680.90",1906,"3,91,152",76.89,267,205
MOKSH,EQ,08-Aug-2023,13.8,14.15,14.3,13.7,13.85,13.85,13.94,"2,91,131","40,59,074.70",1165,"2,15,184",73.91,250,185
MOKSH,EQ,09-Aug-2023,13.85,14.2,14.3,13.75,13.95,13.95,13.96,"3,37,226","47,08,869.50",1173,"2,37,969",70.57,287,203
MOKSH,EQ,10-Aug-2023,13.95,14.2,14.2,13.8,13.9,13.9,13.91,"2,79,163","38,82,517.20",814,"2,13,279",76.4,343,262
MOKSH,EQ,11-Aug-2023,13.9,13.9,14,13.3,13.45,13.4,13.56,"2,03,837","27,63,397.40",915,"1,63,599",80.26,223,179
MOKSH,EQ,14-Aug-2023,13.4,13.75,13.85,12.6,13,13,13.29,"2,96,835","39,44,522.10",1092,"1,90,704",64.25,272,175
MOKSH,EQ,16-Aug-2023,13,13,13.5,12.85,13.4,13.45,13.38,"1,51,568","20,27,428.55",843,"1,13,959",75.19,180,135
MOKSH,EQ,17-Aug-2023,13.45,13.65,14,13.5,13.7,13.6,13.73,"2,29,359","31,48,574.05",1031,"1,17,177",51.09,222,114
MOKSH,EQ,18-Aug-2023,13.6,13.9,13.9,13.05,13.45,13.45,13.44,"1,15,267","15,49,048.85",621,85493,74.17,186,138
MOKSH,EQ,21-Aug-2023,13.45,13.15,13.5,13.15,13.35,13.3,13.32,"1,12,423","14,97,188.55",534,89921,79.98,211,168
MOKSH,EQ,22-Aug-2023,13.3,13.5,13.5,13.1,13.2,13.15,13.24,"1,71,268","22,68,004.25",662,"1,32,413",77.31,259,200
MOKSH,EQ,23-Aug-2023,13.15,13.4,13.4,12.6,12.9,12.85,13,"2,23,825","29,09,898.00",897,"1,47,428",65.87,250,164
MOKSH,EQ,24-Aug-2023,12.85,13.2,13.3,13,13.05,13.1,13.15,"1,13,691","14,94,914.55",544,79612,70.02,209,146
MOKSH,EQ,25-Aug-2023,13.1,13.4,13.4,13,13.15,13.05,13.12,"1,12,596","14,77,262.05",491,84145,74.73,229,171
MOKSH,EQ,28-Aug-2023,13.05,13.05,13.2,12.85,12.95,12.95,13.03,98842,"12,87,711.65",546,82916,83.89,181,152
MOKSH,EQ,29-Aug-2023,12.95,13,13.05,12.5,12.85,12.7,12.74,"2,26,033","28,79,870.20",835,"1,52,598",67.51,271,183
MOKSH,EQ,30-Aug-2023,12.7,13.05,13.05,12.65,12.95,12.95,12.93,"1,33,750","17,28,879.75",534,89124,66.63,250,167
MOKSH,EQ,31-Aug-2023,12.95,12.85,13.15,12.8,12.95,13,13,"1,84,119","23,92,833.55",513,99823,54.22,359,195
MOKSH,EQ,01-Sep-2023,13,13.2,13.2,13,13.1,13.05,13.1,"1,61,371","21,14,457.55",451,"1,01,656",63,358,225
MOKSH,EQ,04-Sep-2023,13.05,13.2,13.5,13.05,13.45,13.4,13.31,"4,22,933","56,28,480.70",880,"3,06,120",72.38,481,348
MOKSH,EQ,05-Sep-2023,13.4,13.45,13.7,11.6,13.1,12.95,13.34,"2,91,905","38,94,544.50",901,"2,06,784",70.84,324,230
MOKSH,EQ,06-Sep-2023,12.95,13.2,13.45,13.15,13.3,13.3,13.34,"2,84,521","37,96,561.45",597,"2,18,157",76.68,477,365
MOKSH,EQ,07-Sep-2023,13.3,13.4,14.75,13.3,14.55,14.5,14.41,"13,03,363","1,87,83,972.85",2818,"8,60,581",66.03,463,305
MOKSH,EQ,08-Sep-2023,14.5,14.95,14.95,14.3,14.45,14.5,14.55,"3,75,832","54,67,998.15",1067,"2,96,233",78.82,352,278
MOKSH,EQ,11-Sep-2023,14.5,14.5,14.6,13.6,14.25,14.1,14.12,"2,86,659","40,48,851.30",1204,"2,04,049",71.18,238,169
MOKSH,EQ,12-Sep-2023,14.1,14.1,15.4,14.1,14.75,14.85,14.91,"20,84,994","3,10,91,955.30",3500,"10,96,907",52.61,596,313
MOKSH,EQ,13-Sep-2023,14.85,15.3,15.3,14.15,14.75,14.7,14.81,"5,84,709","86,60,033.05",1692,"3,50,312",59.91,346,207
MOKSH,EQ,14-Sep-2023,14.7,14.95,15.05,14.3,14.5,14.45,14.62,"3,05,419","44,65,343.05",1053,"2,06,421",67.59,290,196
MOKSH,EQ,15-Sep-2023,14.45,14.75,15.1,14.65,15,15,14.89,"5,19,598","77,38,610.85",1593,"3,99,089",76.81,326,251
MOKSH,EQ,18-Sep-2023,15,15.4,16.3,15.35,16.3,16.1,15.88,"15,60,455","2,47,80,226.30",3630,"11,71,272",75.06,430,323
MOKSH,EQ,20-Sep-2023,16.1,17,18.45,16.7,18.35,18.15,18.03,"39,96,431","7,20,50,729.40",9291,"20,85,537",52.18,430,224
MOKSH,EQ,21-Sep-2023,18.15,18.6,19,17.05,17.3,17.4,17.83,"24,03,865","4,28,64,657.00",6645,"8,99,543",37.42,362,135
MOKSH,EQ,22-Sep-2023,17.4,17.4,17.7,16.15,17.4,17.3,16.97,"9,92,540","1,68,40,743.85",3350,"4,98,399",50.21,296,149
MOKSH,BE,25-Sep-2023,17.3,17.2,17.2,16.45,16.8,16.6,16.73,"4,19,323","70,16,719.80",1556,-,-,269,#VALUE!
MOKSH,BE,26-Sep-2023,16.6,16.6,17,16.4,16.65,16.65,16.72,"2,13,262","35,65,613.00",900,-,-,237,#VALUE!
MOKSH,BE,27-Sep-2023,16.65,17.4,17.4,16.5,16.75,16.65,16.72,"2,41,674","40,40,352.40",996,-,-,243,#VALUE!
MOKSH,BE,28-Sep-2023,16.65,16.65,16.95,16,16.65,16.4,16.55,"2,80,963","46,49,352.80",1094,-,-,257,#VALUE!
MOKSH,BE,29-Sep-2023,16.4,16.4,16.7,16.05,16.5,16.3,16.22,"1,74,473","28,30,444.00",879,-,-,198,#VALUE!
MOKSH,BE,03-Oct-2023,16.3,17,17.1,16,16.5,16.6,16.57,"1,78,768","29,62,985.15",815,-,-,219,#VALUE!
MOKSH,BE,04-Oct-2023,16.6,16.4,16.9,16.1,16.45,16.45,16.52,99905,"16,50,743.35",697,-,-,143,#VALUE!
MOKSH,BE,05-Oct-2023,16.45,16.35,16.9,16.05,16.4,16.35,16.39,"1,00,226","16,42,215.90",544,-,-,184,#VALUE!
MOKSH,BE,06-Oct-2023,16.35,16.3,16.55,16.1,16.35,16.3,16.29,97655,"15,90,751.35",587,-,-,166,#VALUE!
MOKSH,BE,09-Oct-2023,16.3,16.2,16.3,15.5,15.5,15.65,15.85,"1,67,974","26,62,479.30",791,-,-,212,#VALUE!
MOKSH,BE,10-Oct-2023,15.65,15.5,16.15,15.5,15.9,15.9,15.82,78476,"12,41,520.25",531,-,-,148,#VALUE!
MOKSH,BE,11-Oct-2023,15.9,15.65,16.2,15.65,15.8,15.75,15.83,"1,09,385","17,31,549.65",566,-,-,193,#VALUE!
MOKSH,BE,12-Oct-2023,15.75,15.95,16,15.5,15.6,15.6,15.6,"1,05,657","16,47,754.80",583,-,-,181,#VALUE!
MOKSH,BE,13-Oct-2023,15.6,15.65,15.9,15.1,15.75,15.6,15.5,"1,55,791","24,14,339.00",589,-,-,265,#VALUE!
MOKSH,BE,16-Oct-2023,15.6,15.1,15.95,15.1,15.2,15.25,15.28,"1,93,404","29,55,522.20",682,-,-,284,#VALUE!
MOKSH,BE,17-Oct-2023,15.25,15.9,15.9,15.2,15.7,15.65,15.54,"1,45,559","22,62,270.70",540,-,-,270,#VALUE!
MOKSH,BE,18-Oct-2023,15.65,15.75,15.75,15.25,15.6,15.55,15.48,95656,"14,80,668.50",498,-,-,192,#VALUE!
MOKSH,BE,19-Oct-2023,15.55,15.5,15.7,15,15.35,15.5,15.26,"1,18,786","18,12,699.75",503,-,-,236,#VALUE!
MOKSH,BE,20-Oct-2023,15.5,15.5,15.7,15.1,15.5,15.35,15.53,79345,"12,32,398.35",407,-,-,195,#VALUE!
MOKSH,BE,23-Oct-2023,15.35,15.7,15.7,14.6,15.05,14.8,14.93,"1,12,456","16,78,552.80",597,-,-,188,#VALUE!
MOKSH,BE,25-Oct-2023,14.8,14.8,14.9,14.1,14.4,14.45,14.42,"1,13,130","16,31,378.25",716,-,-,158,#VALUE!
MOKSH,BE,26-Oct-2023,14.45,14.2,14.7,13.75,13.95,13.9,13.9,"1,38,859","19,30,247.35",698,-,-,199,#VALUE!
MOKSH,BE,27-Oct-2023,13.9,13.9,14.55,13.75,14.55,14.5,14.31,"1,11,104","15,89,960.10",447,-,-,249,#VALUE!
MOKSH,BE,30-Oct-2023,14.5,15.1,15.1,13.85,14.9,14.9,14.61,"1,20,030","17,53,620.20",413,-,-,291,#VALUE!
MOKSH,BE,31-Oct-2023,14.9,15.4,15.4,14.8,15.05,14.9,15.1,89625,"13,53,343.65",357,-,-,251,#VALUE!
MOKSH,BE,01-Nov-2023,14.9,15.3,15.3,14.8,14.95,14.9,15,38882,"5,83,342.30",259,-,-,150,#VALUE!
MOKSH,BE,02-Nov-2023,14.9,14.4,15.15,14.4,15,14.85,14.73,62543,"9,21,001.35",291,-,-,215,#VALUE!
MOKSH,BE,03-Nov-2023,14.85,15.2,15.2,14.1,14.7,14.45,14.68,"1,46,190","21,45,637.35",530,-,-,276,#VALUE!
MOKSH,BE,06-Nov-2023,14.45,14.45,14.95,14.15,14.7,14.6,14.53,77187,"11,21,391.35",380,-,-,203,#VALUE!
MOKSH,BE,07-Nov-2023,14.6,14.9,14.9,14.2,14.55,14.65,14.6,"1,04,494","15,25,694.95",324,-,-,323,#VALUE!
MOKSH,BE,08-Nov-2023,14.65,14.4,14.9,14.4,14.8,14.7,14.65,69792,"10,22,299.50",334,-,-,209,#VALUE!
MOKSH,BE,09-Nov-2023,14.7,14.9,14.9,14.25,14.4,14.45,14.43,90846,"13,10,756.00",361,-,-,252,#VALUE!
MOKSH,BE,10-Nov-2023,14.45,14.7,14.7,14.1,14.45,14.4,14.42,69443,"10,01,234.60",310,-,-,224,#VALUE!
MOKSH,BE,12-Nov-2023,14.4,14.85,14.85,14.15,14.55,14.4,14.46,49613,"7,17,606.65",295,-,-,168,#VALUE!
MOKSH,BE,13-Nov-2023,14.4,14.5,14.5,14.1,14.4,14.25,14.26,73063,"10,42,215.30",394,-,-,185,#VALUE!
MOKSH,BE,15-Nov-2023,14.25,14.05,14.6,14.05,14.4,14.4,14.37,93185,"13,38,682.70",442,-,-,211,#VALUE!
MOKSH,BE,16-Nov-2023,14.4,14.5,14.55,14.15,14.35,14.35,14.31,"1,02,318","14,63,678.00",436,-,-,235,#VALUE!
MOKSH,BE,17-Nov-2023,14.35,14.5,14.7,14.15,14.55,14.55,14.5,"1,25,032","18,13,064.65",419,-,-,298,#VALUE!
MOKSH,BE,20-Nov-2023,14.55,14.85,14.85,14.6,14.6,14.65,14.74,"2,34,288","34,52,752.40",807,-,-,290,#VALUE!
MOKSH,BE,21-Nov-2023,14.65,14.85,15,14.5,14.7,14.5,14.69,"1,23,754","18,18,562.10",552,-,-,224,#VALUE!
MOKSH,BE,22-Nov-2023,14.5,14.4,14.85,14.4,14.45,14.45,14.58,72497,"10,57,113.00",430,-,-,169,#VALUE!
MOKSH,BE,23-Nov-2023,14.45,14.45,14.75,14.35,14.45,14.4,14.48,88742,"12,85,321.05",421,-,-,211,#VALUE!
MOKSH,BE,24-Nov-2023,14.4,14.8,14.8,14.3,14.55,14.6,14.68,79317,"11,64,627.05",332,-,-,239,#VALUE!
MOKSH,BE,28-Nov-2023,14.6,14.6,14.8,14.35,14.7,14.6,14.57,84414,"12,30,019.85",460,-,-,184,#VALUE!
MOKSH,BE,29-Nov-2023,14.6,14.75,14.8,14.2,14.55,14.4,14.57,79813,"11,62,596.85",454,-,-,176,#VALUE!
MOKSH,BE,30-Nov-2023,14.4,14.4,14.7,14.2,14.45,14.3,14.3,"1,06,878","15,27,997.95",382,-,-,280,#VALUE!
MOKSH,BE,01-Dec-2023,14.3,14.3,14.6,14.3,14.35,14.35,14.4,97770,"14,07,917.15",368,-,-,266,#VALUE!
MOKSH,BE,04-Dec-2023,14.35,14.8,14.8,13.75,14.5,14.5,14.5,"1,77,164","25,68,335.00",886,-,-,200,#VALUE!
MOKSH,BE,05-Dec-2023,14.5,14.8,14.8,14.15,14.35,14.35,14.54,"1,62,972","23,69,646.60",596,-,-,273,#VALUE!
MOKSH,BE,06-Dec-2023,14.35,14.35,15.05,14.2,15.05,15.05,14.78,"3,08,772","45,63,333.35",616,-,-,501,#VALUE!
MOKSH,BE,07-Dec-2023,15.05,15.8,15.8,15.8,15.8,15.8,15.8,"2,95,508","46,69,026.40",522,-,-,566,#VALUE!
MOKSH,BE,08-Dec-2023,15.8,16.55,16.55,16.55,16.55,16.55,16.55,"2,88,265","47,70,785.75",388,-,-,743,#VALUE!
MOKSH,BE,11-Dec-2023,16.55,17.25,17.25,15.75,16.25,16.3,16.42,"7,27,751","1,19,51,552.55",1558,-,-,467,#VALUE!
MOKSH,BE,12-Dec-2023,16.3,16,16,16,16,16,16,"1,17,942","18,87,072.00",184,-,-,641,#VALUE!
MOKSH,BE,13-Dec-2023,16,15.7,15.7,15.7,15.7,15.7,15.7,51894,"8,14,735.80",183,-,-,284,#VALUE!
MOKSH,BE,14-Dec-2023,15.7,15.4,15.4,15.4,15.4,15.4,15.4,"1,55,040","23,87,616.00",525,-,-,295,#VALUE!
MOKSH,BE,15-Dec-2023,15.4,15.1,15.1,15.1,15.1,15.1,15.1,71936,"10,86,233.60",381,-,-,189,#VALUE!
MOKSH,BE,18-Dec-2023,15.1,14.9,14.9,14.8,14.8,14.8,14.86,88544,"13,15,636.10",410,-,-,216,#VALUE!
MOKSH,BE,19-Dec-2023,14.8,14.55,14.55,14.5,14.55,14.55,14.53,"1,09,635","15,92,835.10",336,-,-,326,#VALUE!
MOKSH,BE,20-Dec-2023,14.55,14.55,14.6,14.25,14.25,14.25,14.46,"1,07,272","15,51,335.60",324,-,-,331,#VALUE!
MOKSH,BE,21-Dec-2023,14.25,14.25,14.25,14.1,14.1,14.1,14.21,50555,"7,18,460.70",223,-,-,227,#VALUE!
MOKSH,BE,22-Dec-2023,14.1,14.25,14.35,14.25,14.35,14.35,14.33,37857,"5,42,350.15",162,-,-,234,#VALUE!
MOKSH,BE,26-Dec-2023,14.35,14.35,14.35,14.25,14.35,14.35,14.32,47743,"6,83,692.45",185,-,-,258,#VALUE!
MOKSH,BE,27-Dec-2023,14.35,14.35,14.35,14.15,14.15,14.15,14.25,45115,"6,42,685.10",222,-,-,203,#VALUE!
MOKSH,BE,28-Dec-2023,14.15,14.15,14.15,14,14,14,14.03,41117,"5,76,980.40",273,-,-,151,#VALUE!
MOKSH,BE,29-Dec-2023,14,14,14,14,14,14,14,69616,"9,74,624.00",235,-,-,296,#VALUE!
MOKSH,BE,01-Jan-2024,14,14,14.1,14,14.1,14.1,14.05,86377,"12,13,343.50",275,-,-,314,#VALUE!
MOKSH,BE,02-Jan-2024,14.1,14.25,14.25,14,14,14,14.1,62542,"8,81,551.45",250,-,-,250,#VALUE!
MOKSH,BE,03-Jan-2024,14,14,14.25,14,14.25,14.25,14.12,"1,11,459","15,73,272.25",265,-,-,421,#VALUE!
MOKSH,BE,04-Jan-2024,14.25,14.25,14.5,14.25,14.5,14.5,14.47,96804,"14,00,355.50",224,-,-,432,#VALUE!
MOKSH,BE,05-Jan-2024,14.5,14.5,14.75,14.5,14.75,14.75,14.7,54074,"7,95,036.25",193,-,-,280,#VALUE!
MOKSH,BE,08-Jan-2024,14.75,14.75,14.75,14.45,14.45,14.45,14.63,68767,"10,06,071.25",213,-,-,323,#VALUE!
MOKSH,BE,09-Jan-2024,14.45,14.45,14.45,14.35,14.45,14.45,14.42,52041,"7,50,411.45",198,-,-,263,#VALUE!
MOKSH,BE,10-Jan-2024,14.45,14.45,14.7,14.45,14.6,14.6,14.58,59312,"8,65,042.95",162,-,-,366,#VALUE!
MOKSH,BE,11-Jan-2024,14.6,14.65,14.65,14.6,14.6,14.6,14.61,60703,"8,87,140.30",202,-,-,301,#VALUE!
MOKSH,BE,12-Jan-2024,14.6,14.6,14.7,14.6,14.7,14.7,14.65,"1,22,506","17,95,193.50",210,-,-,583,#VALUE!
MOKSH,BE,15-Jan-2024,14.7,15.4,15.4,15,15.4,15.4,15.39,"2,14,633","33,03,555.00",542,-,-,396,#VALUE!
MOKSH,BE,16-Jan-2024,15.4,16.15,16.15,14.75,15.15,15,15.41,"3,30,524","50,93,339.15",1044,-,-,317,#VALUE!
MOKSH,BE,17-Jan-2024,15,14.25,15,14.25,14.8,14.75,14.65,"1,25,325","18,36,084.05",642,-,-,195,#VALUE!
MOKSH,BE,18-Jan-2024,14.75,14.9,15.25,14.1,15.05,14.95,14.83,"1,29,351","19,18,358.05",585,-,-,221,#VALUE!
MOKSH,BE,19-Jan-2024,14.95,15.35,15.35,14.5,15,14.9,14.93,"1,18,998","17,76,468.00",570,-,-,209,#VALUE!
MOKSH,BE,20-Jan-2024,14.9,15.2,15.45,14.55,15.2,15.15,15.02,"1,22,085","18,33,257.20",538,-,-,227,#VALUE!
MOKSH,BE,23-Jan-2024,15.15,15.2,15.55,15,15.35,15.2,15.33,"3,60,892","55,33,807.80",863,-,-,418,#VALUE!
MOKSH,BE,24-Jan-2024,15.2,15.5,15.6,15,15.2,15.25,15.28,"2,13,956","32,70,227.05",590,-,-,363,#VALUE!
MOKSH,BE,25-Jan-2024,15.25,15.25,16,15.2,16,15.95,15.83,"5,93,227","93,92,082.70",902,-,-,658,#VALUE!
MOKSH,EQ,29-Jan-2024,15.95,17.3,18.5,16.2,17.7,17.8,17.79,"17,21,371","3,06,18,789.85",3109,"12,92,751",75.1,554,416
MOKSH,EQ,30-Jan-2024,17.8,18.45,18.5,16.55,17,17,17.32,"6,37,342","1,10,36,775.40",1638,"5,45,073",85.52,389,333
MOKSH,EQ,31-Jan-2024,17,17.05,19.55,16.55,18.5,18.65,18.33,"14,10,093","2,58,42,086.30",2436,"9,87,467",70.03,579,405
MOKSH,EQ,01-Feb-2024,18.65,18.65,20.65,18.6,19.6,19.45,19.58,"11,50,583","2,25,28,079.00",2597,"8,50,413",73.91,443,327
MOKSH,EQ,02-Feb-2024,19.45,19.45,20.2,18.7,19.1,19.8,19.48,"9,22,890","1,79,79,425.15",2052,"7,00,117",75.86,450,341
MOKSH,EQ,05-Feb-2024,19.8,20.15,21.4,19.7,20.3,20.6,20.41,"21,99,978","4,48,99,644.45",4297,"15,39,200",69.96,512,358
MOKSH,EQ,06-Feb-2024,20.6,21.5,21.5,20.3,21,20.9,20.93,"10,19,925","2,13,49,712.00",2687,"8,12,266",79.64,380,302
MOKSH,EQ,07-Feb-2024,20.9,21.5,22.2,21.45,21.9,21.85,21.89,"13,65,573","2,98,94,901.70",3124,"11,23,779",82.29,437,360
MOKSH,EQ,08-Feb-2024,21.85,22.85,22.85,21.2,21.75,21.7,22.18,"11,47,911","2,54,56,522.40",2460,"7,72,968",67.34,467,314
MOKSH,EQ,09-Feb-2024,21.7,21.7,22,19.85,20.55,20.5,20.29,"7,51,356","1,52,42,719.00",2444,"5,63,648",75.02,307,231
MOKSH,EQ,12-Feb-2024,20.5,19.9,19.9,18.15,18.7,18.7,18.86,"6,48,389","1,22,25,560.45",2155,"4,74,146",73.13,301,220
MOKSH,EQ,13-Feb-2024,18.7,18.25,20.35,18.05,18.95,18.85,19.13,"7,94,927","1,52,09,107.85",2055,"4,49,770",56.58,387,219
MOKSH,EQ,14-Feb-2024,18.85,18.75,19.75,18.5,19.5,19.3,19.35,"3,25,730","63,02,083.80",1024,"2,12,083",65.11,318,207
MOKSH,EQ,15-Feb-2024,19.3,19.4,20,19.4,19.7,19.65,19.7,"2,28,081","44,93,768.55",835,"1,65,224",72.44,273,198
MOKSH,EQ,16-Feb-2024,19.65,20.2,20.2,19.4,19.5,19.6,19.73,"2,64,040","52,09,750.20",838,"2,00,038",75.76,315,239
MOKSH,EQ,19-Feb-2024,19.6,20.1,20.1,19.6,19.7,19.65,19.73,"1,55,903","30,76,307.05",683,"1,20,465",77.27,228,176
MOKSH,EQ,20-Feb-2024,19.65,19.65,19.95,19.55,19.7,19.8,19.79,"1,75,763","34,78,654.35",768,"1,37,700",78.34,229,179
MOKSH,EQ,21-Feb-2024,19.8,19.95,19.95,18.05,19.3,18.95,19.38,"2,78,932","54,04,406.00",899,"2,12,166",76.06,310,236
MOKSH,EQ,22-Feb-2024,18.95,19.3,19.75,18.4,18.65,18.75,18.7,"2,28,668","42,75,891.65",872,"1,59,961",69.95,262,183
MOKSH,EQ,23-Feb-2024,18.75,18.65,22.5,18.6,21.45,21.3,21.75,"52,17,932","11,34,69,907.95",7816,"20,07,560",38.47,668,257
MOKSH,EQ,26-Feb-2024,21.3,22.9,25.55,21.75,25.55,25.45,24.46,"80,74,962","19,75,45,004.65",20842,"32,97,146",40.83,387,158
MOKSH,EQ,27-Feb-2024,25.45,26.6,29.45,26.15,28.3,28.25,28.07,"94,48,155","26,51,76,070.75",29200,"31,02,990",32.84,324,106
MOKSH,EQ,28-Feb-2024,28.25,27.45,27.75,25.45,25.45,25.45,25.85,"22,08,684","5,70,93,077.20",5497,"10,09,677",45.71,402,184
MOKSH,EQ,29-Feb-2024,25.45,24,24.65,23.05,23.8,23.65,23.66,"16,72,472","3,95,72,123.55",5389,"8,27,034",49.45,310,153
MOKSH,BE,01-Mar-2024,23.65,23.85,24.8,23,24.8,24.8,24.65,"4,57,451","1,12,77,091.30",1502,-,-,305,#VALUE!
MOKSH,BE,02-Mar-2024,24.8,25.95,26,24.5,26,26,25.93,"2,34,190","60,71,774.05",615,-,-,381,#VALUE!
MOKSH,BE,04-Mar-2024,26,26.9,26.9,24.7,24.7,24.8,25.16,"4,45,052","1,11,99,367.35",1879,-,-,237,#VALUE!
MOKSH,BE,05-Mar-2024,24.8,24.8,25.5,23.6,23.7,23.85,23.88,"3,87,985","92,65,663.90",1730,-,-,224,#VALUE!
MOKSH,BE,06-Mar-2024,23.85,23.85,24.4,22.65,22.65,22.65,22.75,"1,78,508","40,60,570.05",1045,-,-,171,#VALUE!
MOKSH,BE,07-Mar-2024,22.65,21.55,21.55,21.55,21.55,21.55,21.55,"1,94,544","41,92,423.20",816,-,-,238,#VALUE!
MOKSH,BE,11-Mar-2024,21.55,21,21.05,20.5,20.5,20.5,20.58,"2,08,323","42,87,760.25",859,-,-,243,#VALUE!
MOKSH,BE,12-Mar-2024,20.5,19.5,19.5,19.5,19.5,19.5,19.5,82125,"16,01,437.50",518,-,-,159,#VALUE!
MOKSH,BE,13-Mar-2024,19.5,18.55,18.55,18.55,18.55,18.55,18.55,79809,"14,80,456.95",595,-,-,134,#VALUE!
MOKSH,BE,14-Mar-2024,18.55,17.65,19.45,17.65,19.45,19.45,18.4,"4,29,399","79,02,958.95",1502,-,-,286,#VALUE!
MOKSH,BE,15-Mar-2024,19.45,18.95,20.15,18.5,18.5,18.5,18.7,"2,57,158","48,08,235.65",973,-,-,264,#VALUE!
MOKSH,BE,18-Mar-2024,18.5,18.5,19.4,18,19.05,19.05,18.64,"2,04,889","38,19,904.00",906,-,-,226,#VALUE!
MOKSH,BE,19-Mar-2024,19.05,19.1,19.75,18.1,18.1,18.15,18.47,"1,85,900","34,32,960.50",878,-,-,212,#VALUE!
MOKSH,BE,20-Mar-2024,18.15,18.15,18.45,17.25,18.2,18.15,17.57,"1,89,971","33,38,045.60",933,-,-,204,#VALUE!
MOKSH,BE,21-Mar-2024,18.15,18.4,18.8,17.25,18.75,18.5,18.04,"1,87,430","33,81,728.35",830,-,-,226,#VALUE!
MOKSH,BE,22-Mar-2024,18.5,19,19,18,18.75,18.6,18.49,"1,25,042","23,12,037.05",523,-,-,239,#VALUE!
MOKSH,BE,26-Mar-2024,18.6,18.75,18.9,18,18.05,18.2,18.67,"1,68,504","31,46,347.15",983,-,-,171,#VALUE!
MOKSH,BE,27-Mar-2024,18.2,18.65,18.65,17.3,17.3,17.3,17.49,"3,26,558","57,10,940.60",1342,-,-,243,#VALUE!
MOKSH,BE,28-Mar-2024,17.3,17.3,17.95,16.95,17.3,17.05,17.31,"1,57,336","27,22,874.85",884,-,-,178,#VALUE!
MOKSH,BE,01-Apr-2024,17.05,17.5,17.9,17.5,17.9,17.9,17.75,82938,"14,71,883.25",358,-,-,232,#VALUE!
MOKSH,BE,02-Apr-2024,17.9,18.55,18.75,18.35,18.75,18.75,18.7,96533,"18,05,479.65",352,-,-,274,#VALUE!
MOKSH,BE,03-Apr-2024,18.75,18.95,19.65,18.95,19.65,19.65,19.59,"1,16,460","22,81,858.55",464,-,-,251,#VALUE!
MOKSH,BE,04-Apr-2024,19.65,20.6,20.6,19.85,20.6,20.5,20.39,"2,94,012","59,95,552.05",1037,-,-,284,#VALUE!
MOKSH,BE,05-Apr-2024,20.5,20.5,21.45,19.85,20,20.15,20.4,"3,09,250","63,09,189.95",948,-,-,326,#VALUE!
MOKSH,BE,08-Apr-2024,20.15,19.75,19.75,19.75,19.75,19.75,19.75,44575,"8,80,356.25",166,-,-,269,#VALUE!
MOKSH,BE,09-Apr-2024,19.75,19.35,19.35,19.35,19.35,19.35,19.35,27479,"5,31,718.65",134,-,-,205,#VALUE!
MOKSH,BE,10-Apr-2024,19.35,19,19,19,19,19,19,22307,"4,23,833.00",141,-,-,158,#VALUE!
MOKSH,BE,12-Apr-2024,19,18.65,18.65,18.65,18.65,18.65,18.65,34547,"6,44,301.55",263,-,-,131,#VALUE!
MOKSH,BE,15-Apr-2024,18.65,18.5,18.5,18.3,18.3,18.3,18.36,24290,"4,45,902.60",189,-,-,129,#VALUE!
MOKSH,BE,16-Apr-2024,18.3,17.95,17.95,17.95,17.95,17.95,17.95,44488,"7,98,559.60",293,-,-,152,#VALUE!
MOKSH,BE,18-Apr-2024,17.95,17.9,17.9,17.6,17.6,17.6,17.63,69500,"12,25,072.00",353,-,-,197,#VALUE!
MOKSH,BE,19-Apr-2024,17.6,17.6,17.6,17.3,17.3,17.3,17.39,31158,"5,41,939.30",214,-,-,146,#VALUE!
MOKSH,BE,22-Apr-2024,17.3,17.3,17.3,17.25,17.25,17.25,17.27,73136,"12,63,088.85",242,-,-,302,#VALUE!
MOKSH,BE,23-Apr-2024,17.25,17,17,17,17,17,17,91590,"15,57,030.00",249,-,-,368,#VALUE!
MOKSH,BE,24-Apr-2024,17,17,17.05,17,17.05,17.05,17.02,63307,"10,77,423.10",262,-,-,242,#VALUE!
MOKSH,BE,25-Apr-2024,17.05,16.9,17.05,16.9,17.05,17.05,17,66308,"11,27,153.45",213,-,-,311,#VALUE!
MOKSH,BE,26-Apr-2024,17.05,17,17,16.8,16.8,16.8,16.89,57757,"9,75,513.35",272,-,-,212,#VALUE!
MOKSH,BE,29-Apr-2024,16.8,16.8,16.8,16.55,16.55,16.55,16.69,66664,"11,12,385.05",304,-,-,219,#VALUE!
MOKSH,BE,30-Apr-2024,16.55,16.55,16.6,16.55,16.6,16.6,16.56,85942,"14,23,297.50",241,-,-,357,#VALUE!
MOKSH,BE,02-May-2024,16.6,16.6,16.9,16.6,16.9,16.9,16.68,38797,"6,47,185.20",141,-,-,275,#VALUE!
MOKSH,BE,03-May-2024,16.9,16.9,16.9,16.9,16.9,16.9,16.9,23717,"4,00,817.30",148,-,-,160,#VALUE!
MOKSH,BE,06-May-2024,16.9,16.9,16.9,16.65,16.65,16.65,16.86,37693,"6,35,526.95",175,-,-,215,#VALUE!
MOKSH,BE,07-May-2024,16.65,16.35,16.5,16.35,16.5,16.5,16.4,55399,"9,08,673.95",122,-,-,454,#VALUE!
MOKSH,BE,08-May-2024,16.5,16.25,16.3,16.25,16.3,16.3,16.3,56657,"9,23,342.05",141,-,-,402,#VALUE!
MOKSH,BE,09-May-2024,16.3,16.2,16.2,16,16,16,16.05,67052,"10,76,465.80",182,-,-,368,#VALUE!
MOKSH,BE,10-May-2024,16,15.7,15.7,15.7,15.7,15.7,15.7,61969,"9,72,913.30",171,-,-,362,#VALUE!
MOKSH,BE,13-May-2024,15.7,15.4,15.5,14.95,15,15,15,"2,12,211","31,83,437.20",1046,-,-,203,#VALUE!
MOKSH,BE,14-May-2024,15,14.75,15.75,14.4,15.75,15.75,15.42,82069,"12,65,571.30",519,-,-,158,#VALUE!
MOKSH,BE,15-May-2024,15.75,16.2,16.5,15,16.5,15.75,16.23,"1,12,308","18,22,576.55",555,-,-,202,#VALUE!
MOKSH,BE,16-May-2024,15.75,15.95,16.5,15.95,16.5,16.5,16.42,53025,"8,70,698.90",224,-,-,237,#VALUE!
MOKSH,BE,17-May-2024,16.5,17.3,17.3,16.8,17.3,17.25,17.23,"1,31,785","22,70,382.20",714,-,-,185,#VALUE!
MOKSH,BE,18-May-2024,17.25,18,18,16.9,17.65,17.6,17.69,31322,"5,54,016.50",255,-,-,123,#VALUE!
MOKSH,BE,21-May-2024,17.6,17.1,17.25,16.75,16.95,16.8,16.91,"1,64,622","27,83,763.90",624,-,-,264,#VALUE!
MOKSH,BE,22-May-2024,16.8,16.5,16.5,16.5,16.5,16.5,16.5,27607,"4,55,515.50",137,-,-,202,#VALUE!
MOKSH,BE,23-May-2024,16.5,16.2,16.2,16.2,16.2,16.2,16.2,44449,"7,20,073.80",178,-,-,250,#VALUE!
MOKSH,BE,24-May-2024,16.2,16.05,16.05,15.9,15.9,15.9,15.92,54134,"8,61,956.50",222,-,-,244,#VALUE!
MOKSH,BE,27-May-2024,15.9,15.8,15.8,15.65,15.65,15.65,15.69,27535,"4,32,150.75",172,-,-,160,#VALUE!
MOKSH,BE,28-May-2024,15.65,15.65,15.65,15.35,15.35,15.35,15.56,34908,"5,43,176.85",165,-,-,212,#VALUE!
MOKSH,BE,29-May-2024,15.35,15.35,15.35,15.2,15.2,15.2,15.31,71457,"10,93,905.65",173,-,-,413,#VALUE!
MOKSH,BE,30-May-2024,15.2,15.2,15.2,14.95,14.95,14.95,15.02,42172,"6,33,471.00",194,-,-,217,#VALUE!
MOKSH,BE,31-May-2024,14.95,14.95,14.95,14.95,14.95,14.95,14.95,31774,"4,75,021.30",168,-,-,189,#VALUE!
MOKSH,BE,03-Jun-2024,14.95,14.95,14.95,14.7,14.7,14.7,14.78,72107,"10,65,984.75",288,-,-,250,#VALUE!
MOKSH,BE,04-Jun-2024,14.7,14.5,14.5,14.4,14.4,14.4,14.41,25368,"3,65,672.40",162,-,-,157,#VALUE!
MOKSH,BE,05-Jun-2024,14.4,14.15,14.15,14.15,14.15,14.15,14.15,30503,"4,31,617.45",199,-,-,153,#VALUE!
MOKSH,BE,06-Jun-2024,14.15,14.15,14.15,13.95,13.95,13.95,14.09,45932,"6,47,315.00",242,-,-,190,#VALUE!
MOKSH,BE,07-Jun-2024,13.95,13.9,13.9,13.75,13.75,13.75,13.81,74119,"10,23,839.00",330,-,-,225,#VALUE!
MOKSH,BE,10-Jun-2024,13.75,13.5,13.75,13.5,13.75,13.75,13.64,87261,"11,90,407.30",315,-,-,277,#VALUE!
MOKSH,BE,11-Jun-2024,13.75,13.82,14.02,13.82,14.02,14.02,13.96,36057,"5,03,286.98",123,-,-,293,#VALUE!
MOKSH,BE,12-Jun-2024,14.02,14.3,14.3,14.3,14.3,14.3,14.3,41736,"5,96,824.80",87,-,-,480,#VALUE!
MOKSH,BE,13-Jun-2024,14.3,14.58,14.58,14.58,14.58,14.58,14.58,10628,"1,54,956.24",47,-,-,226,#VALUE!
MOKSH,BE,14-Jun-2024,14.58,14.58,14.87,14.58,14.87,14.87,14.74,48708,"7,17,919.27",182,-,-,268,#VALUE!
MOKSH,BE,18-Jun-2024,14.87,14.87,14.87,14.69,14.69,14.69,14.78,44244,"6,53,878.87",209,-,-,212,#VALUE!
MOKSH,BE,19-Jun-2024,14.69,14.4,14.4,14.39,14.39,14.39,14.39,78051,"11,23,273.66",208,-,-,375,#VALUE!
MOKSH,BE,20-Jun-2024,14.39,14.39,14.39,14.1,14.11,14.11,14.17,55128,"7,81,254.78",285,-,-,193,#VALUE!
MOKSH,BE,21-Jun-2024,14.11,14.05,14.05,13.9,14,14,13.96,57271,"7,99,296.86",201,-,-,285,#VALUE!
MOKSH,BE,24-Jun-2024,14,14,14,13.95,13.95,13.95,13.98,78478,"10,97,386.25",270,-,-,291,#VALUE!
MOKSH,BE,25-Jun-2024,13.95,14,14.22,14,14.22,14.22,14.16,54958,"7,78,437.61",152,-,-,362,#VALUE!
MOKSH,BE,26-Jun-2024,14.22,14.5,14.5,14.5,14.5,14.5,14.5,35784,"5,18,868.00",87,-,-,411,#VALUE!
MOKSH,BE,27-Jun-2024,14.5,14.79,14.79,14.79,14.79,14.79,14.79,22564,"3,33,721.56",69,-,-,327,#VALUE!
MOKSH,BE,28-Jun-2024,14.79,15.08,15.08,15.08,15.08,15.08,15.08,33355,"5,02,993.40",72,-,-,463,#VALUE!
MOKSH,BE,01-Jul-2024,15.08,15.83,15.83,15.83,15.83,15.83,15.83,86164,"13,63,976.12",249,-,-,346,#VALUE!
MOKSH,BE,02-Jul-2024,15.83,16.62,16.62,16.3,16.62,16.62,16.6,"2,77,672","46,09,908.10",830,-,-,335,#VALUE!
MOKSH,BE,03-Jul-2024,16.62,16.65,16.7,15.81,16,16.06,16.12,"1,99,131","32,09,631.18",930,-,-,214,#VALUE!
MOKSH,BE,04-Jul-2024,16.06,15.99,15.99,15.25,15.25,15.26,15.29,"2,37,362","36,29,770.13",942,-,-,252,#VALUE!
MOKSH,BE,05-Jul-2024,15.26,15.27,15.5,14.76,15.49,15.33,15.15,"1,21,278","18,37,847.13",672,-,-,180,#VALUE!
MOKSH,BE,08-Jul-2024,15.33,15.32,15.96,15,15.29,15.22,15.29,86376,"13,20,898.21",623,-,-,139,#VALUE!
MOKSH,BE,09-Jul-2024,15.22,15,15.8,15,15.2,15.13,15.22,"1,06,528","16,20,856.02",450,-,-,237,#VALUE!
MOKSH,BE,10-Jul-2024,15.13,15.45,15.45,14.53,15.2,14.99,15.11,90153,"13,62,496.48",468,-,-,193,#VALUE!
MOKSH,BE,11-Jul-2024,14.99,15.05,15.39,14.24,14.76,14.77,14.96,68727,"10,28,110.79",421,-,-,163,#VALUE!
MOKSH,BE,12-Jul-2024,14.77,14.76,15.27,14.03,14.7,14.85,14.76,"1,34,544","19,85,688.55",505,-,-,266,#VALUE!
MOKSH,EQ,15-Jul-2024,14.85,15.48,16.33,15.1,16.33,16.33,16.1,"3,64,286","58,64,245.96",634,"2,77,225",76.1,575,437
MOKSH,EQ,16-Jul-2024,16.33,17.6,17.96,17.3,17.96,17.96,17.85,"6,80,126","1,21,42,172.50",1037,"3,69,871",54.38,656,357
MOKSH,EQ,18-Jul-2024,17.96,18,18.8,16.31,17.53,17.52,17.47,"8,08,313","1,41,24,912.40",2447,"4,57,619",56.61,330,187
MOKSH,EQ,19-Jul-2024,17.52,17.2,18.5,16.5,16.55,16.55,17.05,"1,86,543","31,80,313.54",1155,"1,26,716",67.93,162,110
MOKSH,EQ,22-Jul-2024,16.55,16.23,16.73,15.6,16.4,16.21,16.25,"1,16,537","18,93,981.91",759,85215,73.12,154,112
MOKSH,EQ,23-Jul-2024,16.21,16.88,17.83,15.62,17.83,17.83,17.15,"4,09,062","70,14,983.87",1289,"2,46,690",60.31,317,191
MOKSH,EQ,24-Jul-2024,17.83,17.8,19.39,17.41,19.28,19.11,18.96,"8,17,352","1,55,00,517.00",2549,"5,24,548",64.18,321,206
MOKSH,EQ,25-Jul-2024,19.11,19.4,19.7,18.1,19,18.94,18.9,"5,07,238","95,88,725.56",1754,"2,76,400",54.49,289,158
MOKSH,EQ,26-Jul-2024,18.94,19.49,19.49,17.71,17.91,17.98,18.54,"3,01,162","55,82,518.57",1251,"1,94,938",64.73,241,156
MOKSH,EQ,29-Jul-2024,17.98,17.65,18.88,17.65,18.24,18.02,18.3,"2,59,817","47,55,636.88",1083,"1,67,786",64.58,240,155
MOKSH,EQ,30-Jul-2024,18.02,18.44,18.44,17.9,17.91,17.95,18.02,"1,26,312","22,75,887.34",595,95259,75.42,212,160
MOKSH,EQ,31-Jul-2024,17.95,18.1,18.1,17.31,17.5,17.49,17.71,"1,51,728","26,87,565.11",654,"1,14,695",75.59,232,175
MOKSH,EQ,01-Aug-2024,17.49,17.89,17.89,17.05,17.49,17.2,17.3,"1,51,111","26,14,377.53",811,"1,06,081",70.2,186,131
MOKSH,EQ,02-Aug-2024,17.2,17,17.67,16.95,17.5,17.4,17.26,"1,27,401","21,98,900.89",667,90913,71.36,191,136
MOKSH,EQ,05-Aug-2024,17.4,16.24,17.22,15.66,16.33,15.88,16.34,"3,35,480","54,81,994.62",1285,"2,28,396",68.08,261,178
MOKSH,EQ,06-Aug-2024,15.88,15.88,17.04,15.88,16.24,16.19,16.66,"1,23,161","20,51,288.19",792,81613,66.27,156,103
MOKSH,EQ,07-Aug-2024,16.19,16.5,19.25,16.5,17.95,17.87,18.03,"6,08,065","1,09,60,609.19",2183,"2,76,275",45.44,279,127
MOKSH,EQ,08-Aug-2024,17.87,18,18.99,18,18.13,18.23,18.46,"3,14,220","58,00,930.06",1106,"1,54,018",49.02,284,139
MOKSH,EQ,09-Aug-2024,18.23,18.87,20.4,17.71,18.9,18.85,19.44,"15,49,426","3,01,23,795.13",3395,"6,81,822",44,456,201
MOKSH,EQ,12-Aug-2024,18.85,18.8,20.25,18.31,20.05,20.01,19.77,"9,19,809","1,81,87,228.16",2786,"4,81,985",52.4,330,173
MOKSH,EQ,13-Aug-2024,20.01,20.35,20.35,18.63,18.8,18.96,19.51,"4,22,345","82,40,613.28",1483,"2,49,985",59.19,285,169
MOKSH,EQ,14-Aug-2024,18.96,18.9,19.49,18.11,18.4,18.38,18.64,"1,90,577","35,53,202.47",1081,"1,08,307",56.83,176,100
MOKSH,EQ,16-Aug-2024,18.38,18.84,19.59,18.49,19,18.93,19.1,"2,22,204","42,44,853.84",996,"1,08,809",48.97,223,109
MOKSH,EQ,19-Aug-2024,18.93,19.49,22.47,19,22.2,22.06,21.49,"26,51,159","5,69,78,437.32",5247,"11,37,413",42.9,505,217
MOKSH,EQ,20-Aug-2024,22.06,22.2,22.6,20.5,21.82,21.8,21.71,"12,40,294","2,69,23,631.92",3371,"7,26,947",58.61,368,216
MOKSH,EQ,21-Aug-2024,21.8,21.99,22.09,21.16,21.48,21.3,21.48,"4,08,680","87,76,759.58",1482,"2,70,873",66.28,276,183
MOKSH,EQ,22-Aug-2024,21.3,21.33,21.49,20.21,20.69,20.39,20.79,"3,96,124","82,34,630.41",1947,"2,77,108",69.95,203,142
MOKSH,EQ,23-Aug-2024,20.39,20.59,20.96,20.12,20.26,20.21,20.51,"3,31,807","68,05,562.27",1483,"2,19,059",66.02,224,148
MOKSH,EQ,26-Aug-2024,20.21,20.5,22,20.29,21.19,21.33,21.54,"8,12,941","1,75,10,414.13",2855,"4,39,788",54.1,285,154
MOKSH,EQ,27-Aug-2024,21.33,21.33,22.1,20.8,21.09,21.01,21.32,"3,27,491","69,81,261.50",1405,"2,15,392",65.77,233,153
MOKSH,EQ,28-Aug-2024,21.01,21.2,21.63,20.6,20.6,21.01,21.27,"3,45,976","73,58,353.55",1167,"2,21,398",63.99,296,190
